BaseItemTypesKey,Unknown0,Unknown1,Unknown2,Unknown3,Unknown4,Unknown5,Unknown6,Unknown7,Unknown8,Unknown9,Unknown10,Display_Wand_ModsKey,Display_Bow_ModsKey,Display_Quiver_ModsKey,Display_Amulet_ModsKey,Display_Ring_ModsKey,Display_Belt_ModsKey,Display_Gloves_ModsKey,Display_Boots_ModsKey,Display_BodyArmour_ModsKey,Display_Helmet_ModsKey,Display_Shield_ModsKey,Unknown11,DropLevelMinimum,DropLevelMaximum,Monster_ModsKeys,EssenceTypeKey,Level,Unknown12,Display_Weapon_ModsKey,Display_MeleeWeapon_ModsKey,Display_OneHandWeapon_ModsKey,Display_TwoHandWeapon_ModsKey,Display_TwoHandMeleeWeapon_ModsKey,Display_Armour_ModsKey,Display_RangedWeapon_ModsKey,Helmet_ModsKey,BodyArmour_ModsKey,Boots_ModsKey,Gloves_ModsKey,Bow_ModsKey,Wand_ModsKey,Staff_ModsKey,TwoHandSword_ModsKey,TwoHandAxe_ModsKey,TwoHandMace_ModsKey,Claw_ModsKey,Dagger_ModsKey,OneHandSword_ModsKey,OneHandThrustingSword_ModsKey,OneHandAxe_ModsKey,OneHandMace_ModsKey,Sceptre_ModsKey,Display_Monster_ModsKey,ItemLevelRestriction,Belt_ModsKey,Amulet_ModsKey,Ring_ModsKey,Display_Jewellery_ModsKey,Shield_ModsKey,Display_Items_ModsKey,IsScreamingEssence
"<71, 0>","<null, null>","<null, null>","<null, null>","<null, null>","<null, null>","<null, null>","<null, null>","<null, null>","<null, null>","<null, null>","<null, null>","<null, null>","<null, null>","<3033, 0>","<null, null>","<null, null>","<3033, 0>","<null, null>","<null, null>","<null, null>","<null, null>","<null, null>",-1010710615,1,47,"[<11918, 0>, <11926, 0>]","<0, 0>",1,700,"<1783, 0>","<null, null>","<null, null>","<null, null>","<1795, 0>","<3033, 0>","<null, null>","<3033, 0>","<3033, 0>","<3033, 0>","<3033, 0>","<1783, 0>","<1783, 0>","<1795, 0>","<1795, 0>","<1795, 0>","<1795, 0>","<1783, 0>","<1783, 0>","<1783, 0>","<1783, 0>","<1783, 0>","<1783, 0>","<1783, 0>","<11771, 0>",35,"<3033, 0>","<3516, 0>","<3516, 0>","<3516, 0>","<3033, 0>","<null, null>",False
"<72, 0>","<null, null>","<null, null>","<null, null>","<null, null>","<null, null>","<null, null>","<null, null>","<null, null>","<null, null>","<null, null>","<null, null>","<null, null>","<null, null>","<3034, 0>","<null, null>","<null, null>","<3034, 0>","<null, null>","<null, null>","<null, null>","<null, null>","<null, null>",1794042691,12,67,"[<11919, 0>, <11926, 0>]","<0, 0>",2,770,"<1784, 0>","<null, null>","<null, null>","<null, null>","<1796, 0>","<3034, 0>","<null, null>","<3034, 0>","<3034, 0>","<3034, 0>","<3034, 0>","<1784, 0>","<1784, 0>","<1796, 0>","<1796, 0>","<1796, 0>","<1796, 0>","<1784, 0>","<1784, 0>","<1784, 0>","<1784, 0>","<1784, 0>","<1784, 0>","<1784, 0>","<11772, 0>",45,"<3034, 0>","<3517, 0>","<3517, 0>","<3517, 0>","<3034, 0>","<null, null>",False
"<73, 0>","<null, null>","<null, null>","<null, null>","<null, null>","<null, null>","<null, null>","<null, null>","<null, null>","<null, null>","<null, null>","<null, null>","<null, null>","<null, null>","<3035, 0>","<null, null>","<null, null>","<3035, 0>","<null, null>","<null, null>","<null, null>","<null, null>","<null, null>",-1926556014,30,100,"[<11920, 0>, <11926, 0>]","<0, 0>",3,847,"<1786, 0>","<null, null>","<null, null>","<null, null>","<1798, 0>","<3035, 0>","<null, null>","<3035, 0>","<3035, 0>","<3035, 0>","<3035, 0>","<1786, 0>","<1786, 0>","<1798, 0>","<1798, 0>","<1798, 0>","<1798, 0>","<1786, 0>","<1786, 0>","<1786, 0>","<1786, 0>","<1786, 0>","<1786, 0>","<1786, 0>","<11773, 0>",60,"<3035, 0>","<3518, 0>","<3518, 0>","<3518, 0>","<3035, 0>","<null, null>",False
"<74, 0>","<null, null>","<null, null>","<null, null>","<null, null>","<null, null>","<null, null>","<null, null>","<null, null>","<null, null>","<null, null>","<null, null>","<null, null>","<null, null>","<3036, 0>","<null, null>","<null, null>","<3036, 0>","<null, null>","<null, null>","<null, null>","<null, null>","<null, null>",1130285480,48,100,"[<11921, 0>, <11926, 0>]","<0, 0>",4,931,"<1788, 0>","<null, null>","<null, null>","<null, null>","<1800, 0>","<3036, 0>","<null, null>","<3036, 0>","<3036, 0>","<3036, 0>","<3036, 0>","<1788, 0>","<1788, 0>","<1800, 0>","<1800, 0>","<1800, 0>","<1800, 0>","<1788, 0>","<1788, 0>","<1788, 0>","<1788, 0>","<1788, 0>","<1788, 0>","<1788, 0>","<11774, 0>",75,"<3036, 0>","<3519, 0>","<3519, 0>","<3519, 0>","<3036, 0>","<null, null>",False
"<75, 0>","<null, null>","<null, null>","<null, null>","<null, null>","<null, null>","<null, null>","<null, null>","<null, null>","<null, null>","<null, null>","<null, null>","<null, null>","<null, null>","<3038, 0>","<null, null>","<null, null>","<3038, 0>","<null, null>","<null, null>","<null, null>","<null, null>","<null, null>",2062300730,68,100,"[<11922, 0>, <11926, 0>]","<0, 0>",5,1024,"<1790, 0>","<null, null>","<null, null>","<null, null>","<1802, 0>","<3038, 0>","<null, null>","<3038, 0>","<3038, 0>","<3038, 0>","<3038, 0>","<1790, 0>","<1790, 0>","<1802, 0>","<1802, 0>","<1802, 0>","<1802, 0>","<1790, 0>","<1790, 0>","<1790, 0>","<1790, 0>","<1790, 0>","<1790, 0>","<1790, 0>","<11775, 0>",0,"<3038, 0>","<3520, 0>","<3520, 0>","<3520, 0>","<3038, 0>","<null, null>",True
"<76, 0>","<null, null>","<null, null>","<null, null>","<null, null>","<null, null>","<null, null>","<null, null>","<null, null>","<null, null>","<null, null>","<null, null>","<null, null>","<null, null>","<3039, 0>","<null, null>","<null, null>","<3039, 0>","<null, null>","<null, null>","<null, null>","<null, null>","<null, null>",-2071586625,0,0,"[<11923, 0>, <11926, 0>]","<0, 0>",6,0,"<1791, 0>","<null, null>","<null, null>","<null, null>","<1803, 0>","<3039, 0>","<null, null>","<3039, 0>","<3039, 0>","<3039, 0>","<3039, 0>","<1791, 0>","<1791, 0>","<1803, 0>","<1803, 0>","<1803, 0>","<1803, 0>","<1791, 0>","<1791, 0>","<1791, 0>","<1791, 0>","<1791, 0>","<1791, 0>","<1791, 0>","<11776, 0>",0,"<3039, 0>","<3521, 0>","<3521, 0>","<3521, 0>","<3039, 0>","<null, null>",False
"<77, 0>","<null, null>","<null, null>","<null, null>","<null, null>","<null, null>","<null, null>","<null, null>","<null, null>","<null, null>","<null, null>","<null, null>","<null, null>","<1793, 0>","<3040, 0>","<null, null>","<null, null>","<3040, 0>","<null, null>","<null, null>","<null, null>","<null, null>","<null, null>",1769493148,0,0,"[<11924, 0>, <11926, 0>]","<0, 0>",7,0,"<1793, 0>","<null, null>","<null, null>","<null, null>","<1815, 0>","<3040, 0>","<null, null>","<3040, 0>","<3040, 0>","<3040, 0>","<3040, 0>","<1793, 0>","<1793, 0>","<1815, 0>","<1815, 0>","<1815, 0>","<1815, 0>","<1793, 0>","<1793, 0>","<1793, 0>","<1793, 0>","<1793, 0>","<1793, 0>","<1793, 0>","<11777, 0>",0,"<3040, 0>","<3522, 0>","<3522, 0>","<3522, 0>","<3040, 0>","<null, null>",False
"<78, 0>","<null, null>","<null, null>","<null, null>","<null, null>","<null, null>","<null, null>","<null, null>","<null, null>","<null, null>","<null, null>","<null, null>","<null, null>","<null, null>","<2366, 0>","<1901, 0>","<607, 0>","<607, 0>","<null, null>","<null, null>","<null, null>","<null, null>","<null, null>",-777397213,1,47,"[<11918, 0>]","<1, 0>",1,700,"<null, null>","<null, null>","<2233, 0>","<2245, 0>","<null, null>","<687, 0>","<null, null>","<687, 0>","<687, 0>","<687, 0>","<687, 0>","<2245, 0>","<2233, 0>","<2245, 0>","<2245, 0>","<2245, 0>","<2245, 0>","<2233, 0>","<2233, 0>","<2233, 0>","<2233, 0>","<2233, 0>","<2233, 0>","<2233, 0>","<11863, 0>",35,"<607, 0>","<1901, 0>","<607, 0>","<null, null>","<687, 0>","<null, null>",False
"<79, 0>","<null, null>","<null, null>","<null, null>","<null, null>","<null, null>","<null, null>","<null, null>","<null, null>","<null, null>","<null, null>","<null, null>","<null, null>","<null, null>","<2367, 0>","<1902, 0>","<608, 0>","<608, 0>","<null, null>","<null, null>","<null, null>","<null, null>","<null, null>",1672586153,12,67,"[<11919, 0>]","<1, 0>",2,770,"<null, null>","<null, null>","<2234, 0>","<2246, 0>","<null, null>","<688, 0>","<null, null>","<688, 0>","<688, 0>","<688, 0>","<688, 0>","<2246, 0>","<2234, 0>","<2246, 0>","<2246, 0>","<2246, 0>","<2246, 0>","<2234, 0>","<2234, 0>","<2234, 0>","<2234, 0>","<2234, 0>","<2234, 0>","<2234, 0>","<11864, 0>",45,"<608, 0>","<1902, 0>","<608, 0>","<null, null>","<688, 0>","<null, null>",False
"<80, 0>","<null, null>","<null, null>","<null, null>","<null, null>","<null, null>","<null, null>","<null, null>","<null, null>","<null, null>","<null, null>","<null, null>","<null, null>","<null, null>","<2368, 0>","<1903, 0>","<611, 0>","<611, 0>","<null, null>","<null, null>","<null, null>","<null, null>","<null, null>",1828846209,30,100,"[<11920, 0>]","<1, 0>",3,847,"<null, null>","<null, null>","<2235, 0>","<2247, 0>","<null, null>","<690, 0>","<null, null>","<690, 0>","<690, 0>","<690, 0>","<690, 0>","<2247, 0>","<2235, 0>","<2247, 0>","<2247, 0>","<2247, 0>","<2247, 0>","<2235, 0>","<2235, 0>","<2235, 0>","<2235, 0>","<2235, 0>","<2235, 0>","<2235, 0>","<11865, 0>",60,"<611, 0>","<1903, 0>","<611, 0>","<null, null>","<690, 0>","<null, null>",False
"<81, 0>","<null, null>","<null, null>","<null, null>","<null, null>","<null, null>","<null, null>","<null, null>","<null, null>","<null, null>","<null, null>","<null, null>","<null, null>","<null, null>","<2369, 0>","<1904, 0>","<613, 0>","<613, 0>","<704, 0>","<704, 0>","<null, null>","<null, null>","<693, 0>",-1245983058,48,100,"[<11921, 0>]","<1, 0>",4,931,"<null, null>","<null, null>","<2236, 0>","<2248, 0>","<null, null>","<692, 0>","<null, null>","<692, 0>","<692, 0>","<704, 0>","<704, 0>","<2248, 0>","<2236, 0>","<2248, 0>","<2248, 0>","<2248, 0>","<2248, 0>","<2236, 0>","<2236, 0>","<2236, 0>","<2236, 0>","<2236, 0>","<2236, 0>","<2236, 0>","<11866, 0>",75,"<613, 0>","<1904, 0>","<613, 0>","<null, null>","<693, 0>","<null, null>",False
"<82, 0>","<null, null>","<null, null>","<null, null>","<null, null>","<null, null>","<null, null>","<null, null>","<null, null>","<null, null>","<null, null>","<null, null>","<null, null>","<null, null>","<2370, 0>","<1905, 0>","<614, 0>","<614, 0>","<null, null>","<null, null>","<694, 0>","<708, 0>","<701, 0>",-182539987,68,100,"[<11922, 0>]","<1, 0>",5,1024,"<null, null>","<null, null>","<2241, 0>","<2253, 0>","<null, null>","<705, 0>","<null, null>","<708, 0>","<694, 0>","<705, 0>","<705, 0>","<2253, 0>","<2241, 0>","<2253, 0>","<2253, 0>","<2253, 0>","<2253, 0>","<2241, 0>","<2241, 0>","<2241, 0>","<2241, 0>","<2241, 0>","<2241, 0>","<2241, 0>","<11867, 0>",0,"<614, 0>","<1905, 0>","<614, 0>","<null, null>","<701, 0>","<null, null>",True
"<83, 0>","<null, null>","<null, null>","<null, null>","<null, null>","<null, null>","<null, null>","<null, null>","<null, null>","<null, null>","<null, null>","<null, null>","<null, null>","<null, null>","<2371, 0>","<1911, 0>","<616, 0>","<615, 0>","<null, null>","<null, null>","<696, 0>","<709, 0>","<702, 0>",910335598,0,0,"[<11923, 0>]","<1, 0>",6,0,"<null, null>","<null, null>","<2242, 0>","<2254, 0>","<null, null>","<706, 0>","<null, null>","<709, 0>","<696, 0>","<706, 0>","<706, 0>","<2254, 0>","<2242, 0>","<2254, 0>","<2254, 0>","<2254, 0>","<2254, 0>","<2242, 0>","<2242, 0>","<2242, 0>","<2242, 0>","<2242, 0>","<2242, 0>","<2242, 0>","<11868, 0>",0,"<615, 0>","<1911, 0>","<616, 0>","<null, null>","<702, 0>","<null, null>",False
"<84, 0>","<null, null>","<null, null>","<null, null>","<null, null>","<null, null>","<null, null>","<null, null>","<null, null>","<null, null>","<null, null>","<null, null>","<null, null>","<null, null>","<2372, 0>","<1912, 0>","<617, 0>","<616, 0>","<null, null>","<null, null>","<700, 0>","<710, 0>","<703, 0>",1591416724,0,0,"[<11924, 0>]","<1, 0>",7,0,"<null, null>","<null, null>","<2243, 0>","<2255, 0>","<null, null>","<707, 0>","<null, null>","<710, 0>","<700, 0>","<707, 0>","<707, 0>","<2255, 0>","<2243, 0>","<2255, 0>","<2255, 0>","<2255, 0>","<2255, 0>","<2243, 0>","<2243, 0>","<2243, 0>","<2243, 0>","<2243, 0>","<2243, 0>","<2243, 0>","<11869, 0>",0,"<616, 0>","<1912, 0>","<617, 0>","<null, null>","<703, 0>","<null, null>",False
"<85, 0>","<null, null>","<null, null>","<null, null>","<null, null>","<null, null>","<null, null>","<null, null>","<null, null>","<null, null>","<null, null>","<null, null>","<null, null>","<null, null>","<979, 0>","<null, null>","<null, null>","<4529, 0>","<null, null>","<null, null>","<null, null>","<null, null>","<null, null>",1724552963,1,47,"[<11918, 0>]","<2, 0>",1,700,"<8897, 0>","<null, null>","<null, null>","<null, null>","<null, null>","<295, 0>","<null, null>","<295, 0>","<295, 0>","<295, 0>","<295, 0>","<8897, 0>","<8897, 0>","<8897, 0>","<8897, 0>","<8897, 0>","<8897, 0>","<8897, 0>","<8897, 0>","<8897, 0>","<8897, 0>","<8897, 0>","<8897, 0>","<8897, 0>","<11856, 0>",35,"<4529, 0>","<2778, 0>","<2778, 0>","<2778, 0>","<295, 0>","<null, null>",False
"<86, 0>","<null, null>","<null, null>","<null, null>","<null, null>","<null, null>","<null, null>","<null, null>","<null, null>","<null, null>","<null, null>","<null, null>","<null, null>","<null, null>","<980, 0>","<null, null>","<null, null>","<4530, 0>","<null, null>","<null, null>","<null, null>","<null, null>","<null, null>",-1337235593,12,67,"[<11919, 0>]","<2, 0>",2,770,"<8898, 0>","<null, null>","<null, null>","<null, null>","<null, null>","<296, 0>","<null, null>","<296, 0>","<296, 0>","<296, 0>","<296, 0>","<8898, 0>","<8898, 0>","<8898, 0>","<8898, 0>","<8898, 0>","<8898, 0>","<8898, 0>","<8898, 0>","<8898, 0>","<8898, 0>","<8898, 0>","<8898, 0>","<8898, 0>","<11857, 0>",45,"<4530, 0>","<2779, 0>","<2779, 0>","<2779, 0>","<296, 0>","<null, null>",False
"<87, 0>","<null, null>","<null, null>","<null, null>","<null, null>","<null, null>","<null, null>","<null, null>","<null, null>","<null, null>","<null, null>","<null, null>","<null, null>","<null, null>","<981, 0>","<null, null>","<null, null>","<4531, 0>","<null, null>","<null, null>","<null, null>","<null, null>","<null, null>",1334812465,30,100,"[<11920, 0>]","<2, 0>",3,847,"<8899, 0>","<null, null>","<null, null>","<null, null>","<null, null>","<297, 0>","<null, null>","<297, 0>","<297, 0>","<297, 0>","<297, 0>","<8899, 0>","<8899, 0>","<8899, 0>","<8899, 0>","<8899, 0>","<8899, 0>","<8899, 0>","<8899, 0>","<8899, 0>","<8899, 0>","<8899, 0>","<8899, 0>","<8899, 0>","<11858, 0>",60,"<4531, 0>","<2780, 0>","<2780, 0>","<2780, 0>","<297, 0>","<null, null>",False
"<88, 0>","<null, null>","<null, null>","<null, null>","<null, null>","<null, null>","<null, null>","<null, null>","<null, null>","<null, null>","<null, null>","<null, null>","<null, null>","<null, null>","<982, 0>","<null, null>","<null, null>","<4532, 0>","<288, 0>","<288, 0>","<null, null>","<null, null>","<null, null>",-669856137,48,100,"[<11921, 0>]","<2, 0>",4,931,"<8900, 0>","<null, null>","<null, null>","<null, null>","<null, null>","<289, 0>","<null, null>","<289, 0>","<289, 0>","<288, 0>","<288, 0>","<8900, 0>","<8900, 0>","<8900, 0>","<8900, 0>","<8900, 0>","<8900, 0>","<8900, 0>","<8900, 0>","<8900, 0>","<8900, 0>","<8900, 0>","<8900, 0>","<8900, 0>","<11859, 0>",75,"<4532, 0>","<2781, 0>","<2781, 0>","<2781, 0>","<289, 0>","<null, null>",False
"<89, 0>","<null, null>","<null, null>","<null, null>","<null, null>","<null, null>","<null, null>","<null, null>","<null, null>","<null, null>","<null, null>","<null, null>","<null, null>","<null, null>","<983, 0>","<null, null>","<null, null>","<4533, 0>","<null, null>","<null, null>","<291, 0>","<290, 0>","<291, 0>",181619222,68,100,"[<11922, 0>]","<2, 0>",5,1024,"<8901, 0>","<null, null>","<null, null>","<null, null>","<null, null>","<289, 0>","<null, null>","<290, 0>","<291, 0>","<289, 0>","<289, 0>","<8901, 0>","<8901, 0>","<8901, 0>","<8901, 0>","<8901, 0>","<8901, 0>","<8901, 0>","<8901, 0>","<8901, 0>","<8901, 0>","<8901, 0>","<8901, 0>","<8901, 0>","<11860, 0>",0,"<4533, 0>","<2782, 0>","<2782, 0>","<2782, 0>","<291, 0>","<null, null>",True
"<90, 0>","<null, null>","<null, null>","<null, null>","<null, null>","<null, null>","<null, null>","<null, null>","<null, null>","<null, null>","<null, null>","<null, null>","<null, null>","<null, null>","<984, 0>","<null, null>","<null, null>","<4534, 0>","<null, null>","<null, null>","<293, 0>","<291, 0>","<292, 0>",2059925248,0,0,"[<11923, 0>]","<2, 0>",6,0,"<8902, 0>","<null, null>","<null, null>","<null, null>","<null, null>","<290, 0>","<null, null>","<291, 0>","<293, 0>","<290, 0>","<290, 0>","<8902, 0>","<8902, 0>","<8902, 0>","<8902, 0>","<8902, 0>","<8902, 0>","<8902, 0>","<8902, 0>","<8902, 0>","<8902, 0>","<8902, 0>","<8902, 0>","<8902, 0>","<11861, 0>",0,"<4534, 0>","<2783, 0>","<2783, 0>","<2783, 0>","<292, 0>","<null, null>",False
"<91, 0>","<null, null>","<null, null>","<null, null>","<null, null>","<null, null>","<null, null>","<null, null>","<null, null>","<null, null>","<null, null>","<null, null>","<null, null>","<null, null>","<985, 0>","<null, null>","<null, null>","<4535, 0>","<null, null>","<null, null>","<298, 0>","<300, 0>","<299, 0>",-1356244188,0,0,"[<11924, 0>]","<2, 0>",7,0,"<8903, 0>","<null, null>","<null, null>","<null, null>","<null, null>","<301, 0>","<null, null>","<300, 0>","<298, 0>","<301, 0>","<301, 0>","<8903, 0>","<8903, 0>","<8903, 0>","<8903, 0>","<8903, 0>","<8903, 0>","<8903, 0>","<8903, 0>","<8903, 0>","<8903, 0>","<8903, 0>","<8903, 0>","<8903, 0>","<11862, 0>",0,"<4535, 0>","<2784, 0>","<2784, 0>","<2784, 0>","<299, 0>","<null, null>",False
"<92, 0>","<null, null>","<null, null>","<null, null>","<null, null>","<null, null>","<null, null>","<null, null>","<null, null>","<null, null>","<null, null>","<null, null>","<null, null>","<null, null>","<711, 0>","<null, null>","<null, null>","<4606, 0>","<711, 0>","<4606, 0>","<4606, 0>","<4606, 0>","<4606, 0>",1018082169,1,47,"[<11918, 0>]","<3, 0>",1,700,"<null, null>","<null, null>","<1274, 0>","<1285, 0>","<null, null>","<4606, 0>","<null, null>","<4606, 0>","<4606, 0>","<4606, 0>","<711, 0>","<1285, 0>","<1274, 0>","<1285, 0>","<1285, 0>","<1285, 0>","<1285, 0>","<1274, 0>","<1274, 0>","<1274, 0>","<1274, 0>","<1274, 0>","<1274, 0>","<1274, 0>","<11831, 0>",35,"<4606, 0>","<711, 0>","<711, 0>","<711, 0>","<4606, 0>","<null, null>",False
"<93, 0>","<null, null>","<null, null>","<null, null>","<null, null>","<null, null>","<null, null>","<null, null>","<null, null>","<null, null>","<null, null>","<null, null>","<null, null>","<null, null>","<712, 0>","<null, null>","<null, null>","<4607, 0>","<712, 0>","<4607, 0>","<4607, 0>","<4607, 0>","<4607, 0>",829889309,12,67,"[<11919, 0>]","<3, 0>",2,770,"<null, null>","<null, null>","<1275, 0>","<1286, 0>","<null, null>","<4607, 0>","<null, null>","<4607, 0>","<4607, 0>","<4607, 0>","<712, 0>","<1286, 0>","<1275, 0>","<1286, 0>","<1286, 0>","<1286, 0>","<1286, 0>","<1275, 0>","<1275, 0>","<1275, 0>","<1275, 0>","<1275, 0>","<1275, 0>","<1275, 0>","<11832, 0>",45,"<4607, 0>","<712, 0>","<712, 0>","<712, 0>","<4607, 0>","<null, null>",False
"<94, 0>","<null, null>","<null, null>","<null, null>","<null, null>","<null, null>","<null, null>","<null, null>","<null, null>","<null, null>","<null, null>","<null, null>","<null, null>","<null, null>","<714, 0>","<null, null>","<null, null>","<4608, 0>","<713, 0>","<4608, 0>","<4608, 0>","<4608, 0>","<4608, 0>",2051179612,30,100,"[<11920, 0>]","<3, 0>",3,847,"<null, null>","<null, null>","<1276, 0>","<1287, 0>","<null, null>","<4608, 0>","<null, null>","<4608, 0>","<4608, 0>","<4608, 0>","<713, 0>","<1287, 0>","<1276, 0>","<1287, 0>","<1287, 0>","<1287, 0>","<1287, 0>","<1276, 0>","<1276, 0>","<1276, 0>","<1276, 0>","<1276, 0>","<1276, 0>","<1276, 0>","<11833, 0>",60,"<4608, 0>","<714, 0>","<714, 0>","<714, 0>","<4608, 0>","<null, null>",False
"<95, 0>","<null, null>","<null, null>","<null, null>","<null, null>","<null, null>","<null, null>","<null, null>","<null, null>","<null, null>","<null, null>","<null, null>","<null, null>","<null, null>","<716, 0>","<716, 0>","<715, 0>","<4609, 0>","<724, 0>","<4609, 0>","<4609, 0>","<4609, 0>","<4609, 0>",-743698363,48,100,"[<11921, 0>]","<3, 0>",4,931,"<null, null>","<null, null>","<1277, 0>","<1288, 0>","<null, null>","<4609, 0>","<null, null>","<4609, 0>","<4609, 0>","<4609, 0>","<724, 0>","<1288, 0>","<1277, 0>","<1288, 0>","<1288, 0>","<1288, 0>","<1288, 0>","<1277, 0>","<1277, 0>","<1277, 0>","<1277, 0>","<1277, 0>","<1277, 0>","<1277, 0>","<11834, 0>",75,"<4609, 0>","<716, 0>","<715, 0>","<null, null>","<4609, 0>","<null, null>",False
"<96, 0>","<null, null>","<null, null>","<null, null>","<null, null>","<null, null>","<null, null>","<null, null>","<null, null>","<null, null>","<null, null>","<null, null>","<null, null>","<null, null>","<718, 0>","<718, 0>","<721, 0>","<4610, 0>","<725, 0>","<4610, 0>","<4610, 0>","<4610, 0>","<4610, 0>",-205989316,68,100,"[<11922, 0>, <11838, 0>]","<3, 0>",5,1024,"<null, null>","<null, null>","<1279, 0>","<1290, 0>","<null, null>","<4610, 0>","<null, null>","<4610, 0>","<4610, 0>","<4610, 0>","<725, 0>","<1290, 0>","<1279, 0>","<1290, 0>","<1290, 0>","<1290, 0>","<1290, 0>","<1279, 0>","<1279, 0>","<1279, 0>","<1279, 0>","<1279, 0>","<1279, 0>","<1279, 0>","<11835, 0>",0,"<4610, 0>","<718, 0>","<721, 0>","<null, null>","<4610, 0>","<null, null>",True
"<97, 0>","<null, null>","<null, null>","<null, null>","<null, null>","<null, null>","<null, null>","<null, null>","<null, null>","<null, null>","<null, null>","<null, null>","<null, null>","<null, null>","<719, 0>","<719, 0>","<722, 0>","<4611, 0>","<726, 0>","<4611, 0>","<4611, 0>","<4611, 0>","<4611, 0>",-1738015661,0,0,"[<11923, 0>, <11838, 0>]","<3, 0>",6,0,"<null, null>","<null, null>","<1280, 0>","<1291, 0>","<null, null>","<4611, 0>","<null, null>","<4611, 0>","<4611, 0>","<4611, 0>","<726, 0>","<1291, 0>","<1280, 0>","<1291, 0>","<1291, 0>","<1291, 0>","<1291, 0>","<1280, 0>","<1280, 0>","<1280, 0>","<1280, 0>","<1280, 0>","<1280, 0>","<1280, 0>","<11836, 0>",0,"<4611, 0>","<719, 0>","<722, 0>","<null, null>","<4611, 0>","<null, null>",False
"<98, 0>","<null, null>","<null, null>","<null, null>","<null, null>","<null, null>","<null, null>","<null, null>","<null, null>","<null, null>","<null, null>","<null, null>","<null, null>","<null, null>","<720, 0>","<720, 0>","<723, 0>","<4612, 0>","<727, 0>","<4612, 0>","<4612, 0>","<4612, 0>","<4612, 0>",1330507188,0,0,"[<11924, 0>, <11838, 0>]","<3, 0>",7,0,"<null, null>","<null, null>","<1284, 0>","<1295, 0>","<null, null>","<4612, 0>","<null, null>","<4612, 0>","<4612, 0>","<4612, 0>","<727, 0>","<1295, 0>","<1284, 0>","<1295, 0>","<1295, 0>","<1295, 0>","<1295, 0>","<1284, 0>","<1284, 0>","<1284, 0>","<1284, 0>","<1284, 0>","<1284, 0>","<1284, 0>","<11837, 0>",0,"<4612, 0>","<720, 0>","<723, 0>","<null, null>","<4612, 0>","<null, null>",False
"<99, 0>","<null, null>","<null, null>","<null, null>","<null, null>","<null, null>","<null, null>","<null, null>","<null, null>","<null, null>","<null, null>","<null, null>","<null, null>","<null, null>","<78, 0>","<null, null>","<null, null>","<null, null>","<null, null>","<null, null>","<null, null>","<null, null>","<null, null>",535092733,12,67,"[<11919, 0>, <11926, 0>]","<4, 0>",2,669,"<null, null>","<null, null>","<8211, 0>","<8217, 0>","<null, null>","<78, 0>","<null, null>","<78, 0>","<78, 0>","<78, 0>","<78, 0>","<8217, 0>","<8211, 0>","<8217, 0>","<8217, 0>","<8217, 0>","<8217, 0>","<8211, 0>","<8211, 0>","<8211, 0>","<8211, 0>","<8211, 0>","<8211, 0>","<8211, 0>","<11825, 0>",45,"<78, 0>","<78, 0>","<78, 0>","<78, 0>","<78, 0>","<78, 0>",False
"<100, 0>","<null, null>","<null, null>","<null, null>","<null, null>","<null, null>","<null, null>","<null, null>","<null, null>","<null, null>","<null, null>","<null, null>","<null, null>","<null, null>","<79, 0>","<null, null>","<null, null>","<null, null>","<null, null>","<null, null>","<null, null>","<null, null>","<null, null>",-267836319,30,100,"[<11920, 0>, <11926, 0>]","<4, 0>",3,736,"<null, null>","<null, null>","<8212, 0>","<8218, 0>","<null, null>","<79, 0>","<null, null>","<79, 0>","<79, 0>","<79, 0>","<79, 0>","<8218, 0>","<8212, 0>","<8218, 0>","<8218, 0>","<8218, 0>","<8218, 0>","<8212, 0>","<8212, 0>","<8212, 0>","<8212, 0>","<8212, 0>","<8212, 0>","<8212, 0>","<11826, 0>",60,"<79, 0>","<79, 0>","<79, 0>","<79, 0>","<79, 0>","<79, 0>",False
"<101, 0>","<null, null>","<null, null>","<null, null>","<null, null>","<null, null>","<null, null>","<null, null>","<null, null>","<null, null>","<null, null>","<null, null>","<null, null>","<null, null>","<81, 0>","<null, null>","<null, null>","<null, null>","<null, null>","<null, null>","<null, null>","<null, null>","<null, null>",-880120152,48,100,"[<11921, 0>, <11926, 0>]","<4, 0>",4,810,"<null, null>","<null, null>","<8213, 0>","<8219, 0>","<null, null>","<81, 0>","<null, null>","<81, 0>","<81, 0>","<81, 0>","<81, 0>","<8219, 0>","<8213, 0>","<8219, 0>","<8219, 0>","<8219, 0>","<8219, 0>","<8213, 0>","<8213, 0>","<8213, 0>","<8213, 0>","<8213, 0>","<8213, 0>","<8213, 0>","<11827, 0>",75,"<81, 0>","<81, 0>","<81, 0>","<81, 0>","<81, 0>","<81, 0>",False
"<102, 0>","<null, null>","<null, null>","<null, null>","<null, null>","<null, null>","<null, null>","<null, null>","<null, null>","<null, null>","<null, null>","<null, null>","<null, null>","<null, null>","<82, 0>","<null, null>","<null, null>","<null, null>","<null, null>","<null, null>","<null, null>","<null, null>","<null, null>",1066624914,68,100,"[<11922, 0>, <11926, 0>]","<4, 0>",5,891,"<null, null>","<null, null>","<8214, 0>","<8220, 0>","<null, null>","<82, 0>","<null, null>","<82, 0>","<82, 0>","<82, 0>","<82, 0>","<8220, 0>","<8214, 0>","<8220, 0>","<8220, 0>","<8220, 0>","<8220, 0>","<8214, 0>","<8214, 0>","<8214, 0>","<8214, 0>","<8214, 0>","<8214, 0>","<8214, 0>","<11828, 0>",0,"<82, 0>","<82, 0>","<82, 0>","<82, 0>","<82, 0>","<82, 0>",True
"<103, 0>","<null, null>","<null, null>","<null, null>","<null, null>","<null, null>","<null, null>","<null, null>","<null, null>","<null, null>","<null, null>","<null, null>","<null, null>","<null, null>","<84, 0>","<null, null>","<null, null>","<null, null>","<null, null>","<null, null>","<null, null>","<null, null>","<null, null>",993214565,0,0,"[<11923, 0>, <11926, 0>]","<4, 0>",6,0,"<null, null>","<null, null>","<8215, 0>","<8221, 0>","<null, null>","<84, 0>","<null, null>","<84, 0>","<84, 0>","<84, 0>","<84, 0>","<8221, 0>","<8215, 0>","<8221, 0>","<8221, 0>","<8221, 0>","<8221, 0>","<8215, 0>","<8215, 0>","<8215, 0>","<8215, 0>","<8215, 0>","<8215, 0>","<8215, 0>","<11829, 0>",0,"<84, 0>","<84, 0>","<84, 0>","<84, 0>","<84, 0>","<84, 0>",False
"<104, 0>","<null, null>","<null, null>","<null, null>","<null, null>","<null, null>","<null, null>","<null, null>","<null, null>","<null, null>","<null, null>","<null, null>","<null, null>","<null, null>","<87, 0>","<null, null>","<null, null>","<null, null>","<null, null>","<null, null>","<null, null>","<null, null>","<null, null>",-558420537,0,0,"[<11924, 0>, <11926, 0>]","<4, 0>",7,0,"<null, null>","<null, null>","<8216, 0>","<8222, 0>","<null, null>","<87, 0>","<null, null>","<87, 0>","<87, 0>","<87, 0>","<87, 0>","<8222, 0>","<8216, 0>","<8222, 0>","<8222, 0>","<8222, 0>","<8222, 0>","<8216, 0>","<8216, 0>","<8216, 0>","<8216, 0>","<8216, 0>","<8216, 0>","<8216, 0>","<11830, 0>",0,"<87, 0>","<87, 0>","<87, 0>","<87, 0>","<87, 0>","<87, 0>",False
"<105, 0>","<null, null>","<null, null>","<null, null>","<null, null>","<null, null>","<null, null>","<null, null>","<null, null>","<null, null>","<null, null>","<null, null>","<null, null>","<1731, 0>","<2967, 0>","<null, null>","<null, null>","<2967, 0>","<null, null>","<null, null>","<null, null>","<null, null>","<null, null>",-36091224,12,67,"[<11919, 0>, <11928, 0>]","<5, 0>",2,669,"<1731, 0>","<null, null>","<null, null>","<null, null>","<1743, 0>","<2967, 0>","<null, null>","<2967, 0>","<2967, 0>","<2967, 0>","<2967, 0>","<1731, 0>","<1731, 0>","<1743, 0>","<1743, 0>","<1743, 0>","<1743, 0>","<1731, 0>","<1731, 0>","<1731, 0>","<1731, 0>","<1731, 0>","<1731, 0>","<1731, 0>","<11765, 0>",45,"<2967, 0>","<3479, 0>","<3479, 0>","<3479, 0>","<2967, 0>","<null, null>",False
"<106, 0>","<null, null>","<null, null>","<null, null>","<null, null>","<null, null>","<null, null>","<null, null>","<null, null>","<null, null>","<null, null>","<null, null>","<null, null>","<1733, 0>","<2968, 0>","<null, null>","<null, null>","<2968, 0>","<null, null>","<null, null>","<null, null>","<null, null>","<null, null>",-1327428615,30,100,"[<11920, 0>, <11928, 0>]","<5, 0>",3,736,"<1733, 0>","<null, null>","<null, null>","<null, null>","<1745, 0>","<2968, 0>","<null, null>","<2968, 0>","<2968, 0>","<2968, 0>","<2968, 0>","<1733, 0>","<1733, 0>","<1745, 0>","<1745, 0>","<1745, 0>","<1745, 0>","<1733, 0>","<1733, 0>","<1733, 0>","<1733, 0>","<1733, 0>","<1733, 0>","<1733, 0>","<11766, 0>",60,"<2968, 0>","<3480, 0>","<3480, 0>","<3480, 0>","<2968, 0>","<null, null>",False
"<107, 0>","<null, null>","<null, null>","<null, null>","<null, null>","<null, null>","<null, null>","<null, null>","<null, null>","<null, null>","<null, null>","<null, null>","<null, null>","<1735, 0>","<2969, 0>","<null, null>","<null, null>","<2969, 0>","<null, null>","<null, null>","<null, null>","<null, null>","<null, null>",891153638,48,100,"[<11921, 0>, <11928, 0>]","<5, 0>",4,810,"<1735, 0>","<null, null>","<null, null>","<null, null>","<1747, 0>","<2969, 0>","<null, null>","<2969, 0>","<2969, 0>","<2969, 0>","<2969, 0>","<1735, 0>","<1735, 0>","<1747, 0>","<1747, 0>","<1747, 0>","<1747, 0>","<1735, 0>","<1735, 0>","<1735, 0>","<1735, 0>","<1735, 0>","<1735, 0>","<1735, 0>","<11767, 0>",75,"<2969, 0>","<3481, 0>","<3481, 0>","<3481, 0>","<2969, 0>","<null, null>",False
"<108, 0>","<null, null>","<null, null>","<null, null>","<null, null>","<null, null>","<null, null>","<null, null>","<null, null>","<null, null>","<null, null>","<null, null>","<null, null>","<1737, 0>","<2971, 0>","<null, null>","<null, null>","<2971, 0>","<null, null>","<null, null>","<null, null>","<null, null>","<null, null>",128783824,68,100,"[<11922, 0>, <11928, 0>]","<5, 0>",5,891,"<1737, 0>","<null, null>","<null, null>","<null, null>","<1749, 0>","<2971, 0>","<null, null>","<2971, 0>","<2971, 0>","<2971, 0>","<2971, 0>","<1737, 0>","<1737, 0>","<1749, 0>","<1749, 0>","<1749, 0>","<1749, 0>","<1737, 0>","<1737, 0>","<1737, 0>","<1737, 0>","<1737, 0>","<1737, 0>","<1737, 0>","<11768, 0>",0,"<2971, 0>","<3482, 0>","<3482, 0>","<3482, 0>","<2971, 0>","<null, null>",True
"<109, 0>","<null, null>","<null, null>","<null, null>","<null, null>","<null, null>","<null, null>","<null, null>","<null, null>","<null, null>","<null, null>","<null, null>","<null, null>","<1738, 0>","<2972, 0>","<null, null>","<null, null>","<2972, 0>","<null, null>","<null, null>","<null, null>","<null, null>","<null, null>",-452117587,0,0,"[<11923, 0>, <11928, 0>]","<5, 0>",6,0,"<1738, 0>","<null, null>","<null, null>","<null, null>","<1750, 0>","<2972, 0>","<null, null>","<2972, 0>","<2972, 0>","<2972, 0>","<2972, 0>","<1738, 0>","<1738, 0>","<1750, 0>","<1750, 0>","<1750, 0>","<1750, 0>","<1738, 0>","<1738, 0>","<1738, 0>","<1738, 0>","<1738, 0>","<1738, 0>","<1738, 0>","<11769, 0>",0,"<2972, 0>","<3483, 0>","<3483, 0>","<3483, 0>","<2972, 0>","<null, null>",False
"<110, 0>","<null, null>","<null, null>","<null, null>","<null, null>","<null, null>","<null, null>","<null, null>","<null, null>","<null, null>","<null, null>","<null, null>","<null, null>","<1740, 0>","<2973, 0>","<null, null>","<null, null>","<2973, 0>","<null, null>","<null, null>","<null, null>","<null, null>","<null, null>",1536872438,0,0,"[<11924, 0>, <11928, 0>]","<5, 0>",7,0,"<1740, 0>","<null, null>","<null, null>","<null, null>","<1762, 0>","<2973, 0>","<null, null>","<2973, 0>","<2973, 0>","<2973, 0>","<2973, 0>","<1740, 0>","<1740, 0>","<1762, 0>","<1762, 0>","<1762, 0>","<1762, 0>","<1740, 0>","<1740, 0>","<1740, 0>","<1740, 0>","<1740, 0>","<1740, 0>","<1740, 0>","<11770, 0>",0,"<2973, 0>","<3484, 0>","<3484, 0>","<3484, 0>","<2973, 0>","<null, null>",False
"<111, 0>","<null, null>","<null, null>","<null, null>","<null, null>","<null, null>","<null, null>","<null, null>","<null, null>","<null, null>","<null, null>","<null, null>","<null, null>","<null, null>","<923, 0>","<null, null>","<null, null>","<4600, 0>","<914, 0>","<4600, 0>","<11404, 0>","<4600, 0>","<11404, 0>",-475311494,12,67,"[<11919, 0>, <11927, 0>]","<6, 0>",2,669,"<null, null>","<null, null>","<9156, 0>","<9194, 0>","<null, null>","<4600, 0>","<null, null>","<4600, 0>","<11404, 0>","<4600, 0>","<914, 0>","<9194, 0>","<9156, 0>","<9194, 0>","<9194, 0>","<9194, 0>","<9194, 0>","<9156, 0>","<9156, 0>","<9156, 0>","<9156, 0>","<9156, 0>","<9156, 0>","<9156, 0>","<11789, 0>",45,"<4600, 0>","<914, 0>","<914, 0>","<914, 0>","<11404, 0>","<null, null>",False
"<112, 0>","<null, null>","<null, null>","<null, null>","<null, null>","<null, null>","<null, null>","<null, null>","<null, null>","<null, null>","<null, null>","<null, null>","<null, null>","<null, null>","<925, 0>","<null, null>","<null, null>","<4601, 0>","<933, 0>","<4601, 0>","<11405, 0>","<4601, 0>","<11405, 0>",1008794806,30,100,"[<11920, 0>, <11927, 0>]","<6, 0>",3,736,"<null, null>","<null, null>","<9158, 0>","<9196, 0>","<null, null>","<4601, 0>","<null, null>","<4601, 0>","<11405, 0>","<4601, 0>","<933, 0>","<9196, 0>","<9158, 0>","<9196, 0>","<9196, 0>","<9196, 0>","<9196, 0>","<9158, 0>","<9158, 0>","<9158, 0>","<9158, 0>","<9158, 0>","<9158, 0>","<9158, 0>","<11790, 0>",60,"<4601, 0>","<916, 0>","<916, 0>","<916, 0>","<11405, 0>","<null, null>",False
"<113, 0>","<null, null>","<null, null>","<null, null>","<null, null>","<null, null>","<null, null>","<null, null>","<null, null>","<null, null>","<null, null>","<null, null>","<null, null>","<null, null>","<927, 0>","<null, null>","<null, null>","<4602, 0>","<934, 0>","<4602, 0>","<11406, 0>","<4602, 0>","<11406, 0>",-1179354155,48,100,"[<11921, 0>, <11927, 0>]","<6, 0>",4,810,"<null, null>","<null, null>","<9160, 0>","<9198, 0>","<null, null>","<4602, 0>","<null, null>","<4602, 0>","<11406, 0>","<4602, 0>","<934, 0>","<9198, 0>","<9160, 0>","<9198, 0>","<9198, 0>","<9198, 0>","<9198, 0>","<9160, 0>","<9160, 0>","<9160, 0>","<9160, 0>","<9160, 0>","<9160, 0>","<9160, 0>","<11791, 0>",75,"<4602, 0>","<918, 0>","<918, 0>","<918, 0>","<11406, 0>","<null, null>",False
"<114, 0>","<null, null>","<null, null>","<null, null>","<null, null>","<null, null>","<null, null>","<null, null>","<null, null>","<null, null>","<null, null>","<null, null>","<null, null>","<null, null>","<929, 0>","<null, null>","<null, null>","<4603, 0>","<935, 0>","<4603, 0>","<11407, 0>","<4603, 0>","<11407, 0>",747230036,68,100,"[<11922, 0>, <11927, 0>]","<6, 0>",5,891,"<null, null>","<null, null>","<9162, 0>","<9200, 0>","<null, null>","<4603, 0>","<null, null>","<4603, 0>","<11407, 0>","<4603, 0>","<935, 0>","<9200, 0>","<9162, 0>","<9200, 0>","<9200, 0>","<9200, 0>","<9200, 0>","<9162, 0>","<9162, 0>","<9162, 0>","<9162, 0>","<9162, 0>","<9162, 0>","<9162, 0>","<11792, 0>",0,"<4603, 0>","<920, 0>","<920, 0>","<920, 0>","<11407, 0>","<null, null>",True
"<115, 0>","<null, null>","<null, null>","<null, null>","<null, null>","<null, null>","<null, null>","<null, null>","<null, null>","<null, null>","<null, null>","<null, null>","<null, null>","<null, null>","<930, 0>","<null, null>","<null, null>","<4604, 0>","<936, 0>","<4604, 0>","<11408, 0>","<4604, 0>","<11408, 0>",-826006652,0,0,"[<11923, 0>, <11927, 0>]","<6, 0>",6,0,"<null, null>","<null, null>","<9163, 0>","<9201, 0>","<null, null>","<4604, 0>","<null, null>","<4604, 0>","<11408, 0>","<4604, 0>","<936, 0>","<9201, 0>","<9163, 0>","<9201, 0>","<9201, 0>","<9201, 0>","<9201, 0>","<9163, 0>","<9163, 0>","<9163, 0>","<9163, 0>","<9163, 0>","<9163, 0>","<9163, 0>","<11793, 0>",0,"<4604, 0>","<921, 0>","<921, 0>","<921, 0>","<11408, 0>","<null, null>",False
"<116, 0>","<null, null>","<null, null>","<null, null>","<null, null>","<null, null>","<null, null>","<null, null>","<null, null>","<null, null>","<null, null>","<null, null>","<null, null>","<null, null>","<931, 0>","<null, null>","<null, null>","<4605, 0>","<937, 0>","<4605, 0>","<11409, 0>","<4605, 0>","<11409, 0>",-1551618851,0,0,"[<11924, 0>, <11927, 0>]","<6, 0>",7,0,"<null, null>","<null, null>","<9164, 0>","<9202, 0>","<null, null>","<4605, 0>","<null, null>","<4605, 0>","<11409, 0>","<4605, 0>","<937, 0>","<9202, 0>","<9164, 0>","<9202, 0>","<9202, 0>","<9202, 0>","<9202, 0>","<9164, 0>","<9164, 0>","<9164, 0>","<9164, 0>","<9164, 0>","<9164, 0>","<9164, 0>","<11794, 0>",0,"<4605, 0>","<932, 0>","<932, 0>","<932, 0>","<11409, 0>","<null, null>",False
"<117, 0>","<null, null>","<null, null>","<null, null>","<null, null>","<null, null>","<null, null>","<null, null>","<null, null>","<null, null>","<null, null>","<null, null>","<null, null>","<null, null>","<4416, 0>","<null, null>","<null, null>","<4433, 0>","<4465, 0>","<null, null>","<null, null>","<4459, 0>","<null, null>",697488794,12,67,"[<11919, 0>]","<7, 0>",2,669,"<null, null>","<null, null>","<19386, 0>","<19397, 0>","<null, null>","<4433, 0>","<null, null>","<4459, 0>","<4433, 0>","<4433, 0>","<4465, 0>","<19397, 0>","<19386, 0>","<19397, 0>","<19397, 0>","<19397, 0>","<19397, 0>","<19386, 0>","<19386, 0>","<19386, 0>","<19386, 0>","<19386, 0>","<19386, 0>","<19386, 0>","<11797, 0>",45,"<4433, 0>","<4416, 0>","<4416, 0>","<4416, 0>","<4433, 0>","<null, null>",False
"<118, 0>","<null, null>","<null, null>","<null, null>","<null, null>","<null, null>","<null, null>","<null, null>","<null, null>","<null, null>","<null, null>","<null, null>","<null, null>","<null, null>","<4417, 0>","<null, null>","<null, null>","<4434, 0>","<4466, 0>","<null, null>","<null, null>","<4460, 0>","<null, null>",-185991819,30,100,"[<11920, 0>]","<7, 0>",3,736,"<null, null>","<null, null>","<19387, 0>","<19398, 0>","<null, null>","<4434, 0>","<null, null>","<4460, 0>","<4434, 0>","<4434, 0>","<4466, 0>","<19398, 0>","<19387, 0>","<19398, 0>","<19398, 0>","<19398, 0>","<19398, 0>","<19387, 0>","<19387, 0>","<19387, 0>","<19387, 0>","<19387, 0>","<19387, 0>","<19387, 0>","<11798, 0>",60,"<4434, 0>","<4417, 0>","<4417, 0>","<4417, 0>","<4434, 0>","<null, null>",False
"<119, 0>","<null, null>","<null, null>","<null, null>","<null, null>","<null, null>","<null, null>","<null, null>","<null, null>","<null, null>","<null, null>","<null, null>","<null, null>","<null, null>","<4418, 0>","<null, null>","<null, null>","<4435, 0>","<4467, 0>","<null, null>","<null, null>","<4461, 0>","<null, null>",2034631909,48,100,"[<11921, 0>]","<7, 0>",4,810,"<null, null>","<null, null>","<19388, 0>","<19399, 0>","<null, null>","<4435, 0>","<null, null>","<4461, 0>","<4435, 0>","<4435, 0>","<4467, 0>","<19399, 0>","<19388, 0>","<19399, 0>","<19399, 0>","<19399, 0>","<19399, 0>","<19388, 0>","<19388, 0>","<19388, 0>","<19388, 0>","<19388, 0>","<19388, 0>","<19388, 0>","<11799, 0>",75,"<4435, 0>","<4418, 0>","<4418, 0>","<4418, 0>","<4435, 0>","<null, null>",False
"<120, 0>","<null, null>","<null, null>","<null, null>","<null, null>","<null, null>","<null, null>","<null, null>","<null, null>","<null, null>","<null, null>","<null, null>","<null, null>","<null, null>","<4419, 0>","<null, null>","<null, null>","<4436, 0>","<4468, 0>","<null, null>","<null, null>","<4462, 0>","<null, null>",-575837846,68,100,"[<11922, 0>]","<7, 0>",5,891,"<null, null>","<null, null>","<19393, 0>","<19400, 0>","<null, null>","<4436, 0>","<null, null>","<4462, 0>","<4436, 0>","<4436, 0>","<4468, 0>","<19400, 0>","<19393, 0>","<19400, 0>","<19400, 0>","<19400, 0>","<19400, 0>","<19393, 0>","<19393, 0>","<19393, 0>","<19393, 0>","<19393, 0>","<19393, 0>","<19393, 0>","<11800, 0>",0,"<4436, 0>","<4419, 0>","<4419, 0>","<4419, 0>","<4436, 0>","<null, null>",True
"<121, 0>","<null, null>","<null, null>","<null, null>","<null, null>","<null, null>","<null, null>","<null, null>","<null, null>","<null, null>","<null, null>","<null, null>","<null, null>","<null, null>","<4420, 0>","<null, null>","<null, null>","<4437, 0>","<4469, 0>","<null, null>","<null, null>","<4463, 0>","<null, null>",117284401,0,0,"[<11923, 0>]","<7, 0>",6,0,"<null, null>","<null, null>","<19394, 0>","<19401, 0>","<null, null>","<4437, 0>","<null, null>","<4463, 0>","<4437, 0>","<4437, 0>","<4469, 0>","<19401, 0>","<19394, 0>","<19401, 0>","<19401, 0>","<19401, 0>","<19401, 0>","<19394, 0>","<19394, 0>","<19394, 0>","<19394, 0>","<19394, 0>","<19394, 0>","<19394, 0>","<11801, 0>",0,"<4437, 0>","<4420, 0>","<4420, 0>","<4420, 0>","<4437, 0>","<null, null>",False
"<122, 0>","<null, null>","<null, null>","<null, null>","<null, null>","<null, null>","<null, null>","<null, null>","<null, null>","<null, null>","<null, null>","<null, null>","<null, null>","<null, null>","<4421, 0>","<null, null>","<null, null>","<4438, 0>","<4470, 0>","<null, null>","<null, null>","<4464, 0>","<null, null>",-779044208,0,0,"[<11924, 0>]","<7, 0>",7,0,"<null, null>","<null, null>","<19395, 0>","<19402, 0>","<null, null>","<4438, 0>","<null, null>","<4464, 0>","<4438, 0>","<4438, 0>","<4470, 0>","<19402, 0>","<19395, 0>","<19402, 0>","<19402, 0>","<19402, 0>","<19402, 0>","<19395, 0>","<19395, 0>","<19395, 0>","<19395, 0>","<19395, 0>","<19395, 0>","<19395, 0>","<11802, 0>",0,"<4438, 0>","<4421, 0>","<4421, 0>","<4421, 0>","<4438, 0>","<null, null>",False
"<123, 0>","<null, null>","<null, null>","<null, null>","<null, null>","<null, null>","<null, null>","<null, null>","<null, null>","<null, null>","<null, null>","<null, null>","<null, null>","<null, null>","<879, 0>","<null, null>","<null, null>","<4645, 0>","<869, 0>","<4645, 0>","<11399, 0>","<4645, 0>","<11399, 0>",836789809,30,100,"[<11920, 0>, <11926, 0>]","<8, 0>",3,640,"<null, null>","<null, null>","<9141, 0>","<9186, 0>","<null, null>","<4645, 0>","<null, null>","<4645, 0>","<11399, 0>","<4645, 0>","<869, 0>","<9186, 0>","<9141, 0>","<9186, 0>","<9186, 0>","<9186, 0>","<9186, 0>","<9141, 0>","<9141, 0>","<9141, 0>","<9141, 0>","<9141, 0>","<9141, 0>","<9141, 0>","<11803, 0>",60,"<4645, 0>","<870, 0>","<870, 0>","<870, 0>","<11399, 0>","<null, null>",False
"<124, 0>","<null, null>","<null, null>","<null, null>","<null, null>","<null, null>","<null, null>","<null, null>","<null, null>","<null, null>","<null, null>","<null, null>","<null, null>","<null, null>","<881, 0>","<null, null>","<null, null>","<4646, 0>","<887, 0>","<4646, 0>","<11400, 0>","<4646, 0>","<11400, 0>",-1267169214,48,100,"[<11921, 0>, <11926, 0>]","<8, 0>",4,704,"<null, null>","<null, null>","<9143, 0>","<9188, 0>","<null, null>","<4646, 0>","<null, null>","<4646, 0>","<11400, 0>","<4646, 0>","<887, 0>","<9188, 0>","<9143, 0>","<9188, 0>","<9188, 0>","<9188, 0>","<9188, 0>","<9143, 0>","<9143, 0>","<9143, 0>","<9143, 0>","<9143, 0>","<9143, 0>","<9143, 0>","<11804, 0>",75,"<4646, 0>","<872, 0>","<872, 0>","<872, 0>","<11400, 0>","<null, null>",False
"<125, 0>","<null, null>","<null, null>","<null, null>","<null, null>","<null, null>","<null, null>","<null, null>","<null, null>","<null, null>","<null, null>","<null, null>","<null, null>","<null, null>","<882, 0>","<null, null>","<null, null>","<4647, 0>","<888, 0>","<4647, 0>","<11401, 0>","<4647, 0>","<11401, 0>",-1833058895,68,100,"[<11922, 0>, <11926, 0>]","<8, 0>",5,775,"<null, null>","<null, null>","<9145, 0>","<9190, 0>","<null, null>","<4647, 0>","<null, null>","<4647, 0>","<11401, 0>","<4647, 0>","<888, 0>","<9190, 0>","<9145, 0>","<9190, 0>","<9190, 0>","<9190, 0>","<9190, 0>","<9145, 0>","<9145, 0>","<9145, 0>","<9145, 0>","<9145, 0>","<9145, 0>","<9145, 0>","<11805, 0>",0,"<4647, 0>","<873, 0>","<873, 0>","<873, 0>","<11401, 0>","<null, null>",True
"<126, 0>","<null, null>","<null, null>","<null, null>","<null, null>","<null, null>","<null, null>","<null, null>","<null, null>","<null, null>","<null, null>","<null, null>","<null, null>","<null, null>","<884, 0>","<null, null>","<null, null>","<4648, 0>","<889, 0>","<4648, 0>","<11402, 0>","<4648, 0>","<11402, 0>",864068417,0,0,"[<11923, 0>, <11926, 0>]","<8, 0>",6,0,"<null, null>","<null, null>","<9146, 0>","<9191, 0>","<null, null>","<4648, 0>","<null, null>","<4648, 0>","<11402, 0>","<4648, 0>","<889, 0>","<9191, 0>","<9146, 0>","<9191, 0>","<9191, 0>","<9191, 0>","<9191, 0>","<9146, 0>","<9146, 0>","<9146, 0>","<9146, 0>","<9146, 0>","<9146, 0>","<9146, 0>","<11806, 0>",0,"<4648, 0>","<875, 0>","<875, 0>","<875, 0>","<11402, 0>","<null, null>",False
"<127, 0>","<null, null>","<null, null>","<null, null>","<null, null>","<null, null>","<null, null>","<null, null>","<null, null>","<null, null>","<null, null>","<null, null>","<null, null>","<null, null>","<885, 0>","<null, null>","<null, null>","<4649, 0>","<890, 0>","<4649, 0>","<11403, 0>","<4649, 0>","<11403, 0>",222024053,0,0,"[<11924, 0>, <11926, 0>]","<8, 0>",7,0,"<null, null>","<null, null>","<9147, 0>","<9192, 0>","<null, null>","<4649, 0>","<null, null>","<4649, 0>","<11403, 0>","<4649, 0>","<890, 0>","<9192, 0>","<9147, 0>","<9192, 0>","<9192, 0>","<9192, 0>","<9192, 0>","<9147, 0>","<9147, 0>","<9147, 0>","<9147, 0>","<9147, 0>","<9147, 0>","<9147, 0>","<11807, 0>",0,"<4649, 0>","<886, 0>","<886, 0>","<886, 0>","<11403, 0>","<null, null>",False
"<128, 0>","<null, null>","<null, null>","<null, null>","<null, null>","<null, null>","<null, null>","<null, null>","<null, null>","<null, null>","<null, null>","<null, null>","<null, null>","<null, null>","<2, 0>","<null, null>","<null, null>","<null, null>","<null, null>","<null, null>","<null, null>","<null, null>","<null, null>",-1583709973,30,100,"[<11920, 0>, <11928, 0>, <7581, 0>]","<9, 0>",3,640,"<null, null>","<null, null>","<8200, 0>","<8205, 0>","<null, null>","<2, 0>","<null, null>","<2, 0>","<2, 0>","<2, 0>","<2, 0>","<8205, 0>","<8200, 0>","<8205, 0>","<8205, 0>","<8205, 0>","<8205, 0>","<8200, 0>","<8200, 0>","<8200, 0>","<8200, 0>","<8200, 0>","<8200, 0>","<8200, 0>","<11848, 0>",60,"<2, 0>","<2, 0>","<2, 0>","<2, 0>","<2, 0>","<2, 0>",False
"<129, 0>","<null, null>","<null, null>","<null, null>","<null, null>","<null, null>","<null, null>","<null, null>","<null, null>","<null, null>","<null, null>","<null, null>","<null, null>","<null, null>","<4, 0>","<null, null>","<null, null>","<null, null>","<null, null>","<null, null>","<null, null>","<null, null>","<null, null>",292711936,48,100,"[<11921, 0>, <11928, 0>, <7581, 0>]","<9, 0>",4,704,"<null, null>","<null, null>","<8201, 0>","<8206, 0>","<null, null>","<4, 0>","<null, null>","<4, 0>","<4, 0>","<4, 0>","<4, 0>","<8206, 0>","<8201, 0>","<8206, 0>","<8206, 0>","<8206, 0>","<8206, 0>","<8201, 0>","<8201, 0>","<8201, 0>","<8201, 0>","<8201, 0>","<8201, 0>","<8201, 0>","<11849, 0>",75,"<4, 0>","<4, 0>","<4, 0>","<4, 0>","<4, 0>","<4, 0>",False
"<130, 0>","<null, null>","<null, null>","<null, null>","<null, null>","<null, null>","<null, null>","<null, null>","<null, null>","<null, null>","<null, null>","<null, null>","<null, null>","<null, null>","<5, 0>","<null, null>","<null, null>","<null, null>","<null, null>","<null, null>","<null, null>","<null, null>","<null, null>",-645724387,68,100,"[<11922, 0>, <11928, 0>, <7581, 0>]","<9, 0>",5,775,"<null, null>","<null, null>","<8202, 0>","<8207, 0>","<null, null>","<5, 0>","<null, null>","<5, 0>","<5, 0>","<5, 0>","<5, 0>","<8207, 0>","<8202, 0>","<8207, 0>","<8207, 0>","<8207, 0>","<8207, 0>","<8202, 0>","<8202, 0>","<8202, 0>","<8202, 0>","<8202, 0>","<8202, 0>","<8202, 0>","<11850, 0>",0,"<5, 0>","<5, 0>","<5, 0>","<5, 0>","<5, 0>","<5, 0>",True
"<131, 0>","<null, null>","<null, null>","<null, null>","<null, null>","<null, null>","<null, null>","<null, null>","<null, null>","<null, null>","<null, null>","<null, null>","<null, null>","<null, null>","<7, 0>","<null, null>","<null, null>","<null, null>","<null, null>","<null, null>","<null, null>","<null, null>","<null, null>",-193173256,0,0,"[<11923, 0>, <11928, 0>, <7581, 0>]","<9, 0>",6,0,"<null, null>","<null, null>","<8203, 0>","<8208, 0>","<null, null>","<7, 0>","<null, null>","<7, 0>","<7, 0>","<7, 0>","<7, 0>","<8208, 0>","<8203, 0>","<8208, 0>","<8208, 0>","<8208, 0>","<8208, 0>","<8203, 0>","<8203, 0>","<8203, 0>","<8203, 0>","<8203, 0>","<8203, 0>","<8203, 0>","<11851, 0>",0,"<7, 0>","<7, 0>","<7, 0>","<7, 0>","<7, 0>","<7, 0>",False
"<132, 0>","<null, null>","<null, null>","<null, null>","<null, null>","<null, null>","<null, null>","<null, null>","<null, null>","<null, null>","<null, null>","<null, null>","<null, null>","<null, null>","<10, 0>","<null, null>","<null, null>","<null, null>","<null, null>","<null, null>","<null, null>","<null, null>","<null, null>",-954409300,0,0,"[<11924, 0>, <11928, 0>, <7581, 0>]","<9, 0>",7,0,"<null, null>","<null, null>","<8204, 0>","<8209, 0>","<null, null>","<10, 0>","<null, null>","<10, 0>","<10, 0>","<10, 0>","<10, 0>","<8209, 0>","<8204, 0>","<8209, 0>","<8209, 0>","<8209, 0>","<8209, 0>","<8204, 0>","<8204, 0>","<8204, 0>","<8204, 0>","<8204, 0>","<8204, 0>","<8204, 0>","<11852, 0>",0,"<10, 0>","<10, 0>","<10, 0>","<10, 0>","<10, 0>","<10, 0>",False
"<133, 0>","<null, null>","<null, null>","<null, null>","<null, null>","<null, null>","<null, null>","<null, null>","<null, null>","<null, null>","<null, null>","<null, null>","<null, null>","<1837, 0>","<3116, 0>","<null, null>","<null, null>","<3116, 0>","<null, null>","<null, null>","<null, null>","<null, null>","<null, null>",1046769873,30,100,"[<11920, 0>, <11927, 0>]","<10, 0>",3,640,"<1837, 0>","<null, null>","<1837, 0>","<null, null>","<1849, 0>","<3116, 0>","<null, null>","<3116, 0>","<3116, 0>","<3116, 0>","<3116, 0>","<1837, 0>","<1837, 0>","<1849, 0>","<1849, 0>","<1849, 0>","<1849, 0>","<1837, 0>","<1837, 0>","<1837, 0>","<1837, 0>","<1837, 0>","<1837, 0>","<1837, 0>","<11778, 0>",60,"<3116, 0>","<3544, 0>","<3544, 0>","<3544, 0>","<3116, 0>","<null, null>",False
"<134, 0>","<null, null>","<null, null>","<null, null>","<null, null>","<null, null>","<null, null>","<null, null>","<null, null>","<null, null>","<null, null>","<null, null>","<null, null>","<1839, 0>","<3117, 0>","<null, null>","<null, null>","<3117, 0>","<null, null>","<null, null>","<null, null>","<null, null>","<null, null>",-383181272,48,100,"[<11921, 0>, <11927, 0>]","<10, 0>",4,704,"<1839, 0>","<null, null>","<1839, 0>","<null, null>","<1851, 0>","<3117, 0>","<null, null>","<3117, 0>","<3117, 0>","<3117, 0>","<3117, 0>","<1839, 0>","<1839, 0>","<1851, 0>","<1851, 0>","<1851, 0>","<1851, 0>","<1839, 0>","<1839, 0>","<1839, 0>","<1839, 0>","<1839, 0>","<1839, 0>","<1839, 0>","<11779, 0>",75,"<3117, 0>","<3545, 0>","<3545, 0>","<3545, 0>","<3117, 0>","<null, null>",False
"<135, 0>","<null, null>","<null, null>","<null, null>","<null, null>","<null, null>","<null, null>","<null, null>","<null, null>","<null, null>","<null, null>","<null, null>","<null, null>","<1841, 0>","<3119, 0>","<null, null>","<null, null>","<3119, 0>","<null, null>","<null, null>","<null, null>","<null, null>","<null, null>",491155825,68,100,"[<11922, 0>, <11927, 0>]","<10, 0>",5,775,"<1841, 0>","<null, null>","<1841, 0>","<null, null>","<1853, 0>","<3119, 0>","<null, null>","<3119, 0>","<3119, 0>","<3119, 0>","<3119, 0>","<1841, 0>","<1841, 0>","<1853, 0>","<1853, 0>","<1853, 0>","<1853, 0>","<1841, 0>","<1841, 0>","<1841, 0>","<1841, 0>","<1841, 0>","<1841, 0>","<1841, 0>","<11780, 0>",0,"<3119, 0>","<3547, 0>","<3547, 0>","<3547, 0>","<3119, 0>","<null, null>",True
"<136, 0>","<null, null>","<null, null>","<null, null>","<null, null>","<null, null>","<null, null>","<null, null>","<null, null>","<null, null>","<null, null>","<null, null>","<null, null>","<1842, 0>","<3120, 0>","<null, null>","<null, null>","<3120, 0>","<null, null>","<null, null>","<null, null>","<null, null>","<null, null>",-150361862,0,0,"[<11923, 0>, <11927, 0>]","<10, 0>",6,0,"<1842, 0>","<null, null>","<1842, 0>","<null, null>","<1854, 0>","<3120, 0>","<null, null>","<3120, 0>","<3120, 0>","<3120, 0>","<3120, 0>","<1842, 0>","<1842, 0>","<1854, 0>","<1854, 0>","<1854, 0>","<1854, 0>","<1842, 0>","<1842, 0>","<1842, 0>","<1842, 0>","<1842, 0>","<1842, 0>","<1842, 0>","<11781, 0>",0,"<3120, 0>","<3548, 0>","<3548, 0>","<3548, 0>","<3120, 0>","<null, null>",False
"<137, 0>","<null, null>","<null, null>","<null, null>","<null, null>","<null, null>","<null, null>","<null, null>","<null, null>","<null, null>","<null, null>","<null, null>","<null, null>","<1844, 0>","<3121, 0>","<null, null>","<null, null>","<3121, 0>","<null, null>","<null, null>","<null, null>","<null, null>","<null, null>",1926779813,0,0,"[<11924, 0>, <11927, 0>]","<10, 0>",7,0,"<1844, 0>","<null, null>","<1844, 0>","<null, null>","<1866, 0>","<3121, 0>","<null, null>","<3121, 0>","<3121, 0>","<3121, 0>","<3121, 0>","<1844, 0>","<1844, 0>","<1866, 0>","<1866, 0>","<1866, 0>","<1866, 0>","<1844, 0>","<1844, 0>","<1844, 0>","<1844, 0>","<1844, 0>","<1844, 0>","<1844, 0>","<11782, 0>",0,"<3121, 0>","<3549, 0>","<3549, 0>","<3549, 0>","<3121, 0>","<null, null>",False
"<138, 0>","<null, null>","<null, null>","<null, null>","<null, null>","<null, null>","<null, null>","<null, null>","<null, null>","<null, null>","<null, null>","<null, null>","<null, null>","<null, null>","<2742, 0>","<1892, 0>","<null, null>","<null, null>","<null, null>","<null, null>","<null, null>","<null, null>","<null, null>",-557327777,30,100,"[<11920, 0>]","<11, 0>",3,640,"<4225, 0>","<null, null>","<null, null>","<null, null>","<null, null>","<1947, 0>","<null, null>","<1947, 0>","<1947, 0>","<1947, 0>","<1947, 0>","<4225, 0>","<4225, 0>","<4225, 0>","<4225, 0>","<4225, 0>","<4225, 0>","<4225, 0>","<4225, 0>","<4225, 0>","<4225, 0>","<4225, 0>","<4225, 0>","<4225, 0>","<11870, 0>",60,"<1924, 0>","<1892, 0>","<1924, 0>","<1924, 0>","<1947, 0>","<null, null>",False
"<139, 0>","<null, null>","<null, null>","<null, null>","<null, null>","<null, null>","<null, null>","<null, null>","<null, null>","<null, null>","<null, null>","<null, null>","<null, null>","<null, null>","<2743, 0>","<1893, 0>","<null, null>","<null, null>","<1961, 0>","<1961, 0>","<null, null>","<null, null>","<1950, 0>",-1074439089,48,100,"[<11921, 0>]","<11, 0>",4,704,"<4226, 0>","<null, null>","<null, null>","<null, null>","<null, null>","<1949, 0>","<null, null>","<1949, 0>","<1949, 0>","<1961, 0>","<1961, 0>","<4226, 0>","<4226, 0>","<4226, 0>","<4226, 0>","<4226, 0>","<4226, 0>","<4226, 0>","<4226, 0>","<4226, 0>","<4226, 0>","<4226, 0>","<4226, 0>","<4226, 0>","<11871, 0>",75,"<1925, 0>","<1893, 0>","<1925, 0>","<1925, 0>","<1950, 0>","<null, null>",False
"<140, 0>","<null, null>","<null, null>","<null, null>","<null, null>","<null, null>","<null, null>","<null, null>","<null, null>","<null, null>","<null, null>","<null, null>","<null, null>","<null, null>","<2744, 0>","<1894, 0>","<null, null>","<null, null>","<1962, 0>","<1962, 0>","<1951, 0>","<1957, 0>","<1965, 0>",1419643846,68,100,"[<11922, 0>]","<11, 0>",5,775,"<4227, 0>","<null, null>","<null, null>","<null, null>","<null, null>","<1962, 0>","<null, null>","<1957, 0>","<1951, 0>","<1962, 0>","<1962, 0>","<4227, 0>","<4227, 0>","<4227, 0>","<4227, 0>","<4227, 0>","<4227, 0>","<4227, 0>","<4227, 0>","<4227, 0>","<4227, 0>","<4227, 0>","<4227, 0>","<4227, 0>","<11872, 0>",0,"<1926, 0>","<1894, 0>","<1926, 0>","<1926, 0>","<1965, 0>","<null, null>",True
"<141, 0>","<null, null>","<null, null>","<null, null>","<null, null>","<null, null>","<null, null>","<null, null>","<null, null>","<null, null>","<null, null>","<null, null>","<null, null>","<null, null>","<2745, 0>","<1897, 0>","<null, null>","<null, null>","<1963, 0>","<1963, 0>","<1953, 0>","<1958, 0>","<1966, 0>",2044538361,0,0,"[<11923, 0>]","<11, 0>",6,0,"<4228, 0>","<null, null>","<null, null>","<null, null>","<null, null>","<1963, 0>","<null, null>","<1958, 0>","<1953, 0>","<1963, 0>","<1963, 0>","<4228, 0>","<4228, 0>","<4228, 0>","<4228, 0>","<4228, 0>","<4228, 0>","<4228, 0>","<4228, 0>","<4228, 0>","<4228, 0>","<4228, 0>","<4228, 0>","<4228, 0>","<11873, 0>",0,"<1927, 0>","<1897, 0>","<1927, 0>","<1927, 0>","<1966, 0>","<null, null>",False
"<142, 0>","<null, null>","<null, null>","<null, null>","<null, null>","<null, null>","<null, null>","<null, null>","<null, null>","<null, null>","<null, null>","<null, null>","<null, null>","<null, null>","<2746, 0>","<1898, 0>","<null, null>","<null, null>","<1964, 0>","<1964, 0>","<1955, 0>","<1959, 0>","<1967, 0>",-444339820,0,0,"[<11924, 0>]","<11, 0>",7,0,"<4229, 0>","<null, null>","<null, null>","<null, null>","<null, null>","<1964, 0>","<null, null>","<1959, 0>","<1955, 0>","<1964, 0>","<1964, 0>","<4229, 0>","<4229, 0>","<4229, 0>","<4229, 0>","<4229, 0>","<4229, 0>","<4229, 0>","<4229, 0>","<4229, 0>","<4229, 0>","<4229, 0>","<4229, 0>","<4229, 0>","<11874, 0>",0,"<1929, 0>","<1898, 0>","<1929, 0>","<1929, 0>","<1967, 0>","<null, null>",False
"<143, 0>","<null, null>","<null, null>","<null, null>","<null, null>","<null, null>","<null, null>","<null, null>","<null, null>","<null, null>","<null, null>","<null, null>","<null, null>","<null, null>","<836, 0>","<null, null>","<null, null>","<5870, 0>","<842, 0>","<5870, 0>","<11395, 0>","<5870, 0>","<11395, 0>",-964777382,48,100,"[<11921, 0>, <11928, 0>, <11975, 0>]","<12, 0>",4,612,"<null, null>","<null, null>","<9126, 0>","<9178, 0>","<null, null>","<5870, 0>","<null, null>","<5870, 0>","<11395, 0>","<5870, 0>","<842, 0>","<9178, 0>","<9126, 0>","<9178, 0>","<9178, 0>","<9178, 0>","<9178, 0>","<9126, 0>","<9126, 0>","<9126, 0>","<9126, 0>","<9126, 0>","<9126, 0>","<9126, 0>","<11840, 0>",75,"<5870, 0>","<827, 0>","<827, 0>","<827, 0>","<11395, 0>","<null, null>",False
"<144, 0>","<null, null>","<null, null>","<null, null>","<null, null>","<null, null>","<null, null>","<null, null>","<null, null>","<null, null>","<null, null>","<null, null>","<null, null>","<null, null>","<838, 0>","<null, null>","<null, null>","<5871, 0>","<843, 0>","<5871, 0>","<11396, 0>","<5871, 0>","<11396, 0>",1027011185,68,100,"[<11922, 0>, <11928, 0>, <11975, 0>]","<12, 0>",5,673,"<null, null>","<null, null>","<9128, 0>","<9180, 0>","<null, null>","<5871, 0>","<null, null>","<5871, 0>","<11396, 0>","<5871, 0>","<843, 0>","<9180, 0>","<9128, 0>","<9180, 0>","<9180, 0>","<9180, 0>","<9180, 0>","<9128, 0>","<9128, 0>","<9128, 0>","<9128, 0>","<9128, 0>","<9128, 0>","<9128, 0>","<11841, 0>",0,"<5871, 0>","<829, 0>","<829, 0>","<829, 0>","<11396, 0>","<null, null>",True
"<145, 0>","<null, null>","<null, null>","<null, null>","<null, null>","<null, null>","<null, null>","<null, null>","<null, null>","<null, null>","<null, null>","<null, null>","<null, null>","<null, null>","<839, 0>","<null, null>","<null, null>","<5872, 0>","<844, 0>","<5872, 0>","<11397, 0>","<5872, 0>","<11397, 0>",-1839053998,0,0,"[<11923, 0>, <11928, 0>, <11975, 0>]","<12, 0>",6,0,"<null, null>","<null, null>","<9129, 0>","<9181, 0>","<null, null>","<5872, 0>","<null, null>","<5872, 0>","<11397, 0>","<5872, 0>","<844, 0>","<9181, 0>","<9129, 0>","<9181, 0>","<9181, 0>","<9181, 0>","<9181, 0>","<9129, 0>","<9129, 0>","<9129, 0>","<9129, 0>","<9129, 0>","<9129, 0>","<9129, 0>","<11842, 0>",0,"<5872, 0>","<830, 0>","<830, 0>","<830, 0>","<11397, 0>","<null, null>",False
"<146, 0>","<null, null>","<null, null>","<null, null>","<null, null>","<null, null>","<null, null>","<null, null>","<null, null>","<null, null>","<null, null>","<null, null>","<null, null>","<null, null>","<840, 0>","<null, null>","<null, null>","<5873, 0>","<845, 0>","<5873, 0>","<11398, 0>","<5873, 0>","<11398, 0>",1845632009,0,0,"[<11924, 0>, <11928, 0>, <11975, 0>]","<12, 0>",7,0,"<null, null>","<null, null>","<9130, 0>","<9182, 0>","<null, null>","<5873, 0>","<null, null>","<5873, 0>","<11398, 0>","<5873, 0>","<845, 0>","<9182, 0>","<9130, 0>","<9182, 0>","<9182, 0>","<9182, 0>","<9182, 0>","<9130, 0>","<9130, 0>","<9130, 0>","<9130, 0>","<9130, 0>","<9130, 0>","<9130, 0>","<11843, 0>",0,"<5873, 0>","<841, 0>","<841, 0>","<841, 0>","<11398, 0>","<null, null>",False
"<147, 0>","<null, null>","<null, null>","<null, null>","<null, null>","<null, null>","<null, null>","<null, null>","<null, null>","<null, null>","<null, null>","<null, null>","<null, null>","<null, null>","<2886, 0>","<2886, 0>","<2898, 0>","<3379, 0>","<2898, 0>","<8633, 0>","<null, null>","<null, null>","<5525, 0>",-1618168670,48,100,"[<11921, 0>]","<13, 0>",4,612,"<3834, 0>","<null, null>","<null, null>","<null, null>","<null, null>","<6079, 0>","<null, null>","<6079, 0>","<6079, 0>","<8633, 0>","<2898, 0>","<3834, 0>","<3834, 0>","<3834, 0>","<3834, 0>","<3834, 0>","<3834, 0>","<3834, 0>","<3834, 0>","<3834, 0>","<3834, 0>","<3834, 0>","<3834, 0>","<3834, 0>","<11818, 0>",75,"<3379, 0>","<2886, 0>","<2898, 0>","<null, null>","<5525, 0>","<null, null>",False
"<148, 0>","<null, null>","<null, null>","<null, null>","<null, null>","<null, null>","<null, null>","<null, null>","<null, null>","<null, null>","<null, null>","<null, null>","<null, null>","<null, null>","<2887, 0>","<2887, 0>","<2899, 0>","<3380, 0>","<2899, 0>","<8634, 0>","<null, null>","<null, null>","<5526, 0>",-2058874949,68,100,"[<11922, 0>]","<13, 0>",5,673,"<3835, 0>","<null, null>","<null, null>","<null, null>","<null, null>","<6080, 0>","<null, null>","<6080, 0>","<6080, 0>","<8634, 0>","<2899, 0>","<3835, 0>","<3835, 0>","<3835, 0>","<3835, 0>","<3835, 0>","<3835, 0>","<3835, 0>","<3835, 0>","<3835, 0>","<3835, 0>","<3835, 0>","<3835, 0>","<3835, 0>","<11819, 0>",0,"<3380, 0>","<2887, 0>","<2899, 0>","<null, null>","<5526, 0>","<null, null>",True
"<149, 0>","<null, null>","<null, null>","<null, null>","<null, null>","<null, null>","<null, null>","<null, null>","<null, null>","<null, null>","<null, null>","<null, null>","<null, null>","<null, null>","<2888, 0>","<2888, 0>","<2900, 0>","<3381, 0>","<2900, 0>","<8635, 0>","<null, null>","<null, null>","<5527, 0>",-697952158,0,0,"[<11923, 0>]","<13, 0>",6,0,"<3836, 0>","<null, null>","<null, null>","<null, null>","<null, null>","<6081, 0>","<null, null>","<6081, 0>","<6081, 0>","<8635, 0>","<2900, 0>","<3836, 0>","<3836, 0>","<3836, 0>","<3836, 0>","<3836, 0>","<3836, 0>","<3836, 0>","<3836, 0>","<3836, 0>","<3836, 0>","<3836, 0>","<3836, 0>","<3836, 0>","<11820, 0>",0,"<3381, 0>","<2888, 0>","<2900, 0>","<null, null>","<5527, 0>","<null, null>",False
"<150, 0>","<null, null>","<null, null>","<null, null>","<null, null>","<null, null>","<null, null>","<null, null>","<null, null>","<null, null>","<null, null>","<null, null>","<null, null>","<null, null>","<2897, 0>","<2897, 0>","<2901, 0>","<3382, 0>","<2901, 0>","<8636, 0>","<null, null>","<null, null>","<5528, 0>",-417900903,0,0,"[<11924, 0>]","<13, 0>",7,0,"<3837, 0>","<null, null>","<null, null>","<null, null>","<null, null>","<6082, 0>","<null, null>","<6082, 0>","<6082, 0>","<8636, 0>","<2901, 0>","<3837, 0>","<3837, 0>","<3837, 0>","<3837, 0>","<3837, 0>","<3837, 0>","<3837, 0>","<3837, 0>","<3837, 0>","<3837, 0>","<3837, 0>","<3837, 0>","<3837, 0>","<11821, 0>",0,"<3382, 0>","<2897, 0>","<2901, 0>","<null, null>","<5528, 0>","<null, null>",False
"<151, 0>","<null, null>","<null, null>","<null, null>","<null, null>","<null, null>","<null, null>","<null, null>","<null, null>","<null, null>","<null, null>","<null, null>","<null, null>","<null, null>","<161, 0>","<null, null>","<null, null>","<null, null>","<null, null>","<null, null>","<null, null>","<null, null>","<null, null>",-2072698540,48,100,"[<11921, 0>, <11927, 0>]","<14, 0>",4,612,"<null, null>","<null, null>","<8191, 0>","<8195, 0>","<null, null>","<161, 0>","<null, null>","<161, 0>","<161, 0>","<161, 0>","<161, 0>","<8195, 0>","<8191, 0>","<8195, 0>","<8195, 0>","<8195, 0>","<8195, 0>","<8191, 0>","<8191, 0>","<8191, 0>","<8191, 0>","<8191, 0>","<8191, 0>","<8191, 0>","<11875, 0>",75,"<161, 0>","<161, 0>","<161, 0>","<161, 0>","<161, 0>","<161, 0>",False
"<152, 0>","<null, null>","<null, null>","<null, null>","<null, null>","<null, null>","<null, null>","<null, null>","<null, null>","<null, null>","<null, null>","<null, null>","<null, null>","<null, null>","<162, 0>","<null, null>","<null, null>","<null, null>","<null, null>","<null, null>","<null, null>","<null, null>","<null, null>",-19953861,68,100,"[<11922, 0>, <11927, 0>]","<14, 0>",5,673,"<null, null>","<null, null>","<8192, 0>","<8196, 0>","<null, null>","<162, 0>","<null, null>","<162, 0>","<162, 0>","<162, 0>","<162, 0>","<8196, 0>","<8192, 0>","<8196, 0>","<8196, 0>","<8196, 0>","<8196, 0>","<8192, 0>","<8192, 0>","<8192, 0>","<8192, 0>","<8192, 0>","<8192, 0>","<8192, 0>","<11876, 0>",0,"<162, 0>","<162, 0>","<162, 0>","<162, 0>","<162, 0>","<162, 0>",True
"<153, 0>","<null, null>","<null, null>","<null, null>","<null, null>","<null, null>","<null, null>","<null, null>","<null, null>","<null, null>","<null, null>","<null, null>","<null, null>","<null, null>","<164, 0>","<null, null>","<null, null>","<null, null>","<null, null>","<null, null>","<null, null>","<null, null>","<null, null>",-1542366365,0,0,"[<11923, 0>, <11927, 0>]","<14, 0>",6,0,"<null, null>","<null, null>","<8193, 0>","<8197, 0>","<null, null>","<164, 0>","<null, null>","<164, 0>","<164, 0>","<164, 0>","<164, 0>","<8197, 0>","<8193, 0>","<8197, 0>","<8197, 0>","<8197, 0>","<8197, 0>","<8193, 0>","<8193, 0>","<8193, 0>","<8193, 0>","<8193, 0>","<8193, 0>","<8193, 0>","<11877, 0>",0,"<164, 0>","<164, 0>","<164, 0>","<164, 0>","<164, 0>","<164, 0>",False
"<154, 0>","<null, null>","<null, null>","<null, null>","<null, null>","<null, null>","<null, null>","<null, null>","<null, null>","<null, null>","<null, null>","<null, null>","<null, null>","<null, null>","<167, 0>","<null, null>","<null, null>","<null, null>","<null, null>","<null, null>","<null, null>","<null, null>","<null, null>",473094408,0,0,"[<11924, 0>, <11927, 0>]","<14, 0>",7,0,"<null, null>","<null, null>","<8194, 0>","<8198, 0>","<null, null>","<167, 0>","<null, null>","<167, 0>","<167, 0>","<167, 0>","<167, 0>","<8198, 0>","<8194, 0>","<8198, 0>","<8198, 0>","<8198, 0>","<8198, 0>","<8194, 0>","<8194, 0>","<8194, 0>","<8194, 0>","<8194, 0>","<8194, 0>","<8194, 0>","<11878, 0>",0,"<167, 0>","<167, 0>","<167, 0>","<167, 0>","<167, 0>","<167, 0>",False
"<155, 0>","<null, null>","<null, null>","<null, null>","<null, null>","<null, null>","<null, null>","<null, null>","<null, null>","<null, null>","<null, null>","<null, null>","<null, null>","<null, null>","<2688, 0>","<null, null>","<null, null>","<19436, 0>","<2679, 0>","<2070, 0>","<9094, 0>","<20287, 0>","<3359, 0>",-355385139,48,100,"[<11921, 0>]","<15, 0>",4,612,"<null, null>","<2572, 0>","<null, null>","<null, null>","<null, null>","<3359, 0>","<2576, 0>","<20287, 0>","<9094, 0>","<2070, 0>","<2679, 0>","<2576, 0>","<2576, 0>","<2572, 0>","<2572, 0>","<2572, 0>","<2572, 0>","<2572, 0>","<2572, 0>","<2572, 0>","<2572, 0>","<2572, 0>","<2572, 0>","<2572, 0>","<11814, 0>",75,"<19436, 0>","<2684, 0>","<2684, 0>","<2684, 0>","<3359, 0>","<null, null>",False
"<156, 0>","<null, null>","<null, null>","<null, null>","<null, null>","<null, null>","<null, null>","<null, null>","<null, null>","<null, null>","<null, null>","<null, null>","<null, null>","<null, null>","<2689, 0>","<null, null>","<null, null>","<19437, 0>","<2681, 0>","<2071, 0>","<9095, 0>","<20288, 0>","<3360, 0>",839378797,68,100,"[<11922, 0>]","<15, 0>",5,673,"<null, null>","<2573, 0>","<null, null>","<null, null>","<null, null>","<3360, 0>","<2577, 0>","<20288, 0>","<9095, 0>","<2071, 0>","<2681, 0>","<2577, 0>","<2577, 0>","<2573, 0>","<2573, 0>","<2573, 0>","<2573, 0>","<2573, 0>","<2573, 0>","<2573, 0>","<2573, 0>","<2573, 0>","<2573, 0>","<2573, 0>","<11815, 0>",0,"<19437, 0>","<2685, 0>","<2685, 0>","<2685, 0>","<3360, 0>","<null, null>",True
"<157, 0>","<null, null>","<null, null>","<null, null>","<null, null>","<null, null>","<null, null>","<null, null>","<null, null>","<null, null>","<null, null>","<null, null>","<null, null>","<null, null>","<2690, 0>","<null, null>","<null, null>","<19438, 0>","<2682, 0>","<2072, 0>","<9096, 0>","<20289, 0>","<3361, 0>",-1822562206,0,0,"[<11923, 0>]","<15, 0>",6,0,"<null, null>","<2574, 0>","<null, null>","<null, null>","<null, null>","<3361, 0>","<2578, 0>","<20289, 0>","<9096, 0>","<2072, 0>","<2682, 0>","<2578, 0>","<2578, 0>","<2574, 0>","<2574, 0>","<2574, 0>","<2574, 0>","<2574, 0>","<2574, 0>","<2574, 0>","<2574, 0>","<2574, 0>","<2574, 0>","<2574, 0>","<11816, 0>",0,"<19438, 0>","<2686, 0>","<2686, 0>","<2686, 0>","<3361, 0>","<null, null>",False
"<158, 0>","<null, null>","<null, null>","<null, null>","<null, null>","<null, null>","<null, null>","<null, null>","<null, null>","<null, null>","<null, null>","<null, null>","<null, null>","<null, null>","<2691, 0>","<null, null>","<null, null>","<19439, 0>","<2683, 0>","<2074, 0>","<9097, 0>","<20290, 0>","<3362, 0>",1492393166,0,0,"[<11924, 0>]","<15, 0>",7,0,"<null, null>","<2575, 0>","<null, null>","<null, null>","<null, null>","<3362, 0>","<2579, 0>","<20290, 0>","<9097, 0>","<2074, 0>","<2683, 0>","<2579, 0>","<2579, 0>","<2575, 0>","<2575, 0>","<2575, 0>","<2575, 0>","<2575, 0>","<2575, 0>","<2575, 0>","<2575, 0>","<2575, 0>","<2575, 0>","<2575, 0>","<11817, 0>",0,"<19439, 0>","<2687, 0>","<2687, 0>","<2687, 0>","<3362, 0>","<null, null>",False
"<159, 0>","<null, null>","<null, null>","<null, null>","<null, null>","<null, null>","<null, null>","<null, null>","<null, null>","<null, null>","<null, null>","<null, null>","<null, null>","<null, null>","<2402, 0>","<null, null>","<null, null>","<4545, 0>","<null, null>","<null, null>","<null, null>","<null, null>","<2815, 0>",-760080401,68,100,"[<11922, 0>]","<16, 0>",5,586,"<null, null>","<null, null>","<2496, 0>","<2504, 0>","<null, null>","<510, 0>","<null, null>","<510, 0>","<510, 0>","<510, 0>","<510, 0>","<2504, 0>","<2496, 0>","<2504, 0>","<2504, 0>","<2504, 0>","<2504, 0>","<2496, 0>","<2496, 0>","<2496, 0>","<2496, 0>","<2496, 0>","<2496, 0>","<2496, 0>","<11783, 0>",0,"<4545, 0>","<2815, 0>","<2815, 0>","<2815, 0>","<2815, 0>","<null, null>",True
"<160, 0>","<null, null>","<null, null>","<null, null>","<null, null>","<null, null>","<null, null>","<null, null>","<null, null>","<null, null>","<null, null>","<null, null>","<null, null>","<null, null>","<2403, 0>","<null, null>","<null, null>","<4546, 0>","<null, null>","<null, null>","<null, null>","<null, null>","<2816, 0>",557934500,0,0,"[<11923, 0>]","<16, 0>",6,0,"<null, null>","<null, null>","<2497, 0>","<2505, 0>","<null, null>","<512, 0>","<null, null>","<512, 0>","<512, 0>","<512, 0>","<512, 0>","<2505, 0>","<2497, 0>","<2505, 0>","<2505, 0>","<2505, 0>","<2505, 0>","<2497, 0>","<2497, 0>","<2497, 0>","<2497, 0>","<2497, 0>","<2497, 0>","<2497, 0>","<11784, 0>",0,"<4546, 0>","<2816, 0>","<2816, 0>","<2816, 0>","<2816, 0>","<null, null>",False
"<161, 0>","<null, null>","<null, null>","<null, null>","<null, null>","<null, null>","<null, null>","<null, null>","<null, null>","<null, null>","<null, null>","<null, null>","<null, null>","<null, null>","<2404, 0>","<null, null>","<null, null>","<4547, 0>","<null, null>","<null, null>","<null, null>","<null, null>","<2817, 0>",-1973061961,0,0,"[<11924, 0>]","<16, 0>",7,0,"<null, null>","<null, null>","<2499, 0>","<2507, 0>","<null, null>","<515, 0>","<null, null>","<515, 0>","<515, 0>","<515, 0>","<515, 0>","<2507, 0>","<2499, 0>","<2507, 0>","<2507, 0>","<2507, 0>","<2507, 0>","<2499, 0>","<2499, 0>","<2499, 0>","<2499, 0>","<2499, 0>","<2499, 0>","<2499, 0>","<11785, 0>",0,"<4547, 0>","<2817, 0>","<2817, 0>","<2817, 0>","<2817, 0>","<null, null>",False
"<162, 0>","<null, null>","<null, null>","<null, null>","<null, null>","<null, null>","<null, null>","<null, null>","<null, null>","<null, null>","<null, null>","<null, null>","<3417, 0>","<4155, 0>","<3417, 0>","<1883, 0>","<1979, 0>","<1975, 0>","<null, null>","<null, null>","<2001, 0>","<2006, 0>","<2012, 0>",2086905859,68,100,"[<11922, 0>]","<17, 0>",5,586,"<null, null>","<null, null>","<22747, 0>","<null, null>","<22750, 0>","<2009, 0>","<null, null>","<2006, 0>","<2001, 0>","<2009, 0>","<2009, 0>","<4155, 0>","<3417, 0>","<22750, 0>","<22750, 0>","<22750, 0>","<22750, 0>","<22747, 0>","<22747, 0>","<22747, 0>","<22747, 0>","<22747, 0>","<22747, 0>","<22747, 0>","<11853, 0>",0,"<1975, 0>","<1883, 0>","<1979, 0>","<null, null>","<2012, 0>","<null, null>",True
"<163, 0>","<null, null>","<null, null>","<null, null>","<null, null>","<null, null>","<null, null>","<null, null>","<null, null>","<null, null>","<null, null>","<null, null>","<3418, 0>","<4156, 0>","<3418, 0>","<1886, 0>","<1980, 0>","<1976, 0>","<null, null>","<null, null>","<2003, 0>","<2007, 0>","<2013, 0>",330229883,0,0,"[<11923, 0>]","<17, 0>",6,0,"<null, null>","<null, null>","<22748, 0>","<null, null>","<22751, 0>","<2010, 0>","<null, null>","<2007, 0>","<2003, 0>","<2010, 0>","<2010, 0>","<4156, 0>","<3418, 0>","<22751, 0>","<22751, 0>","<22751, 0>","<22751, 0>","<22748, 0>","<22748, 0>","<22748, 0>","<22748, 0>","<22748, 0>","<22748, 0>","<22748, 0>","<11854, 0>",0,"<1976, 0>","<1886, 0>","<1980, 0>","<null, null>","<2013, 0>","<null, null>",False
"<164, 0>","<null, null>","<null, null>","<null, null>","<null, null>","<null, null>","<null, null>","<null, null>","<null, null>","<null, null>","<null, null>","<null, null>","<3419, 0>","<4156, 0>","<3419, 0>","<1887, 0>","<1981, 0>","<1978, 0>","<null, null>","<null, null>","<2005, 0>","<2008, 0>","<2014, 0>",1669260288,0,0,"[<11924, 0>]","<17, 0>",7,0,"<null, null>","<null, null>","<22749, 0>","<null, null>","<22752, 0>","<2011, 0>","<null, null>","<2008, 0>","<2005, 0>","<2011, 0>","<2011, 0>","<4156, 0>","<3419, 0>","<22752, 0>","<22752, 0>","<22752, 0>","<22752, 0>","<22749, 0>","<22749, 0>","<22749, 0>","<22749, 0>","<22749, 0>","<22749, 0>","<22749, 0>","<11855, 0>",0,"<1978, 0>","<1887, 0>","<1981, 0>","<null, null>","<2014, 0>","<null, null>",False
"<165, 0>","<null, null>","<null, null>","<null, null>","<null, null>","<null, null>","<null, null>","<null, null>","<null, null>","<null, null>","<null, null>","<null, null>","<null, null>","<null, null>","<3322, 0>","<3322, 0>","<3332, 0>","<2863, 0>","<null, null>","<null, null>","<9114, 0>","<null, null>","<3401, 0>",122642368,68,100,"[<11922, 0>]","<18, 0>",5,586,"<3401, 0>","<null, null>","<null, null>","<null, null>","<null, null>","<9111, 0>","<null, null>","<9111, 0>","<9114, 0>","<9111, 0>","<9111, 0>","<3401, 0>","<3401, 0>","<3401, 0>","<3401, 0>","<3401, 0>","<3401, 0>","<3401, 0>","<3401, 0>","<3401, 0>","<3401, 0>","<3401, 0>","<3401, 0>","<3401, 0>","<11822, 0>",0,"<2863, 0>","<3322, 0>","<3332, 0>","<null, null>","<3401, 0>","<null, null>",True
"<166, 0>","<null, null>","<null, null>","<null, null>","<null, null>","<null, null>","<null, null>","<null, null>","<null, null>","<null, null>","<null, null>","<null, null>","<null, null>","<null, null>","<3323, 0>","<3323, 0>","<3333, 0>","<2864, 0>","<null, null>","<null, null>","<9115, 0>","<null, null>","<3402, 0>",-1016206409,0,0,"[<11923, 0>]","<18, 0>",6,0,"<3402, 0>","<null, null>","<null, null>","<null, null>","<null, null>","<9112, 0>","<null, null>","<9112, 0>","<9115, 0>","<9112, 0>","<9112, 0>","<3402, 0>","<3402, 0>","<3402, 0>","<3402, 0>","<3402, 0>","<3402, 0>","<3402, 0>","<3402, 0>","<3402, 0>","<3402, 0>","<3402, 0>","<3402, 0>","<3402, 0>","<11823, 0>",0,"<2864, 0>","<3323, 0>","<3333, 0>","<null, null>","<3402, 0>","<null, null>",False
"<167, 0>","<null, null>","<null, null>","<null, null>","<null, null>","<null, null>","<null, null>","<null, null>","<null, null>","<null, null>","<null, null>","<null, null>","<null, null>","<null, null>","<3331, 0>","<3331, 0>","<3334, 0>","<2865, 0>","<null, null>","<null, null>","<9116, 0>","<null, null>","<3403, 0>",1247641969,0,0,"[<11924, 0>]","<18, 0>",7,0,"<3403, 0>","<null, null>","<null, null>","<null, null>","<null, null>","<9113, 0>","<null, null>","<9113, 0>","<9116, 0>","<9113, 0>","<9113, 0>","<3403, 0>","<3403, 0>","<3403, 0>","<3403, 0>","<3403, 0>","<3403, 0>","<3403, 0>","<3403, 0>","<3403, 0>","<3403, 0>","<3403, 0>","<3403, 0>","<3403, 0>","<11824, 0>",0,"<2865, 0>","<3331, 0>","<3334, 0>","<null, null>","<3403, 0>","<null, null>",False
"<168, 0>","<null, null>","<null, null>","<null, null>","<null, null>","<null, null>","<null, null>","<null, null>","<null, null>","<null, null>","<null, null>","<null, null>","<null, null>","<null, null>","<11641, 0>","<null, null>","<null, null>","<3183, 0>","<null, null>","<null, null>","<null, null>","<null, null>","<null, null>",-1691201624,68,100,"[<11922, 0>, <3646, 0>]","<19, 0>",5,586,"<null, null>","<null, null>","<9212, 0>","<9216, 0>","<null, null>","<3183, 0>","<null, null>","<3183, 0>","<3183, 0>","<3183, 0>","<3183, 0>","<9216, 0>","<9212, 0>","<9216, 0>","<9216, 0>","<9216, 0>","<9216, 0>","<9212, 0>","<9212, 0>","<9212, 0>","<9212, 0>","<9212, 0>","<9212, 0>","<9212, 0>","<11811, 0>",0,"<3183, 0>","<7682, 0>","<7682, 0>","<7682, 0>","<3183, 0>","<null, null>",True
"<169, 0>","<null, null>","<null, null>","<null, null>","<null, null>","<null, null>","<null, null>","<null, null>","<null, null>","<null, null>","<null, null>","<null, null>","<null, null>","<null, null>","<11642, 0>","<null, null>","<null, null>","<3184, 0>","<null, null>","<null, null>","<null, null>","<null, null>","<null, null>",-718463325,0,0,"[<11923, 0>, <3646, 0>]","<19, 0>",6,0,"<null, null>","<null, null>","<9213, 0>","<9217, 0>","<null, null>","<3184, 0>","<null, null>","<3184, 0>","<3184, 0>","<3184, 0>","<3184, 0>","<9217, 0>","<9213, 0>","<9217, 0>","<9217, 0>","<9217, 0>","<9217, 0>","<9213, 0>","<9213, 0>","<9213, 0>","<9213, 0>","<9213, 0>","<9213, 0>","<9213, 0>","<11812, 0>",0,"<3184, 0>","<7683, 0>","<7683, 0>","<7683, 0>","<3184, 0>","<null, null>",False
"<170, 0>","<null, null>","<null, null>","<null, null>","<null, null>","<null, null>","<null, null>","<null, null>","<null, null>","<null, null>","<null, null>","<null, null>","<null, null>","<null, null>","<11643, 0>","<null, null>","<null, null>","<3185, 0>","<null, null>","<null, null>","<null, null>","<null, null>","<null, null>",692127728,0,0,"[<11924, 0>, <3646, 0>]","<19, 0>",7,0,"<null, null>","<null, null>","<9214, 0>","<9218, 0>","<null, null>","<3185, 0>","<null, null>","<3185, 0>","<3185, 0>","<3185, 0>","<3185, 0>","<9218, 0>","<9214, 0>","<9218, 0>","<9218, 0>","<9218, 0>","<9218, 0>","<9214, 0>","<9214, 0>","<9214, 0>","<9214, 0>","<9214, 0>","<9214, 0>","<9214, 0>","<11813, 0>",0,"<3185, 0>","<7684, 0>","<7684, 0>","<7684, 0>","<3185, 0>","<null, null>",False
"<171, 0>","<null, null>","<null, null>","<null, null>","<null, null>","<null, null>","<null, null>","<null, null>","<null, null>","<null, null>","<null, null>","<null, null>","<null, null>","<null, null>","<11902, 0>","<7691, 0>","<11901, 0>","<11929, 0>","<11892, 0>","<11898, 0>","<11956, 0>","<11917, 0>","<11915, 0>",-306989797,0,0,"[<11925, 0>]","<20, 0>",8,0,"<11947, 0>","<null, null>","<null, null>","<null, null>","<null, null>","<null, null>","<null, null>","<11917, 0>","<11956, 0>","<11898, 0>","<11892, 0>","<11947, 0>","<11947, 0>","<11947, 0>","<11947, 0>","<11947, 0>","<11947, 0>","<11947, 0>","<11947, 0>","<11947, 0>","<11947, 0>","<11947, 0>","<11947, 0>","<11947, 0>","<11881, 0>",0,"<11929, 0>","<7691, 0>","<11901, 0>","<null, null>","<11915, 0>","<null, null>",False
"<172, 0>","<null, null>","<null, null>","<null, null>","<null, null>","<null, null>","<null, null>","<null, null>","<null, null>","<null, null>","<null, null>","<null, null>","<null, null>","<null, null>","<9457, 0>","<11935, 0>","<11931, 0>","<11912, 0>","<11894, 0>","<11967, 0>","<11958, 0>","<11895, 0>","<11932, 0>",-1454947071,0,0,"[<11925, 0>, <11955, 0>]","<21, 0>",8,0,"<11954, 0>","<null, null>","<null, null>","<null, null>","<null, null>","<null, null>","<null, null>","<11895, 0>","<11958, 0>","<11967, 0>","<11894, 0>","<11954, 0>","<11954, 0>","<11954, 0>","<11954, 0>","<11954, 0>","<11954, 0>","<11954, 0>","<11954, 0>","<11954, 0>","<11954, 0>","<11954, 0>","<11954, 0>","<11954, 0>","<11882, 0>",0,"<11912, 0>","<11935, 0>","<11931, 0>","<null, null>","<11932, 0>","<null, null>",False
"<173, 0>","<null, null>","<null, null>","<null, null>","<null, null>","<null, null>","<null, null>","<null, null>","<null, null>","<null, null>","<null, null>","<null, null>","<null, null>","<null, null>","<11914, 0>","<11937, 0>","<11913, 0>","<11938, 0>","<11910, 0>","<11897, 0>","<11899, 0>","<11896, 0>","<11933, 0>",-2010504687,0,0,"[<11925, 0>, <11886, 0>]","<22, 0>",8,0,"<11943, 0>","<null, null>","<null, null>","<null, null>","<null, null>","<null, null>","<null, null>","<11896, 0>","<11899, 0>","<11897, 0>","<11910, 0>","<11943, 0>","<11943, 0>","<11943, 0>","<11943, 0>","<11943, 0>","<11943, 0>","<11943, 0>","<11943, 0>","<11943, 0>","<11943, 0>","<11943, 0>","<11943, 0>","<11943, 0>","<11883, 0>",0,"<11938, 0>","<11937, 0>","<11913, 0>","<null, null>","<11933, 0>","<null, null>",False
"<174, 0>","<null, null>","<null, null>","<null, null>","<null, null>","<null, null>","<null, null>","<null, null>","<null, null>","<null, null>","<null, null>","<null, null>","<null, null>","<null, null>","<11963, 0>","<11962, 0>","<17344, 0>","<6789, 0>","<11959, 0>","<11377, 0>","<11908, 0>","<11946, 0>","<11960, 0>",-1499847665,0,0,"[<11925, 0>, <11847, 0>, <11965, 0>]","<23, 0>",8,0,"<11964, 0>","<null, null>","<null, null>","<null, null>","<null, null>","<null, null>","<null, null>","<11946, 0>","<11908, 0>","<11377, 0>","<11959, 0>","<11964, 0>","<11964, 0>","<11964, 0>","<11964, 0>","<11964, 0>","<11964, 0>","<11964, 0>","<11964, 0>","<11964, 0>","<11964, 0>","<11964, 0>","<11964, 0>","<11964, 0>","<11884, 0>",0,"<6789, 0>","<11962, 0>","<17344, 0>","<null, null>","<11960, 0>","<null, null>",False
"<175, 0>","<null, null>","<null, null>","<null, null>","<null, null>","<null, null>","<null, null>","<null, null>","<null, null>","<null, null>","<null, null>","<null, null>","<null, null>","<null, null>","<null, null>","<null, null>","<null, null>","<null, null>","<null, null>","<null, null>","<null, null>","<null, null>","<null, null>",411361590,32,100,"[<11949, 0>, <11950, 0>, <11951, 0>]","<24, 0>",0,0,"<null, null>","<null, null>","<null, null>","<null, null>","<null, null>","<null, null>","<null, null>","<null, null>","<null, null>","<null, null>","<null, null>","<null, null>","<null, null>","<null, null>","<null, null>","<null, null>","<null, null>","<null, null>","<null, null>","<null, null>","<null, null>","<null, null>","<null, null>","<null, null>","<11788, 0>",0,"<null, null>","<null, null>","<null, null>","<null, null>","<null, null>","<null, null>",False