GrantedEffectsKey,SetId,StatsKeys,StatsValuesPermille,Weight,Unknown0,Unknown1
"<0, 0>",0,"[<175, 0>]",[1000],50,[],[]
"<0, 0>",1,"[<175, 0>, <434, 0>]","[-2000, 3000]",100,[],[]
"<0, 0>",2,"[<6314, 0>, <7819, 0>]","[3000, -2000]",40,[],[]
"<0, 0>",3,"[<12686, 0>]",[250],10,[],[]
"<2877, 0>",0,"[<175, 0>]",[1000],50,[],[]
"<58, 0>",0,"[<434, 0>]",[500],50,[],[]
"<58, 0>",1,"[<5518, 0>]",[1500],100,[],[]
"<58, 0>",2,"[<216, 0>]",[500],100,[],[]
"<58, 0>",3,"[<3561, 0>]",[500],100,[],[]
"<67, 0>",0,"[<434, 0>]",[500],50,[],[]
"<96, 0>",0,"[<341, 0>]",[1000],50,[],[]
"<96, 0>",1,"[<434, 0>]",[1000],100,[],[]
"<96, 0>",2,"[<24, 0>]",[1000],100,[],[]
"<96, 0>",3,"[<70, 0>]",[500],20,[],[]
"<100, 0>",0,"[<434, 0>]",[500],50,[],[]
"<100, 0>",1,"[<70, 0>]",[500],100,[],[]
"<100, 0>",2,"[<12658, 0>]",[100],100,[],[]
"<100, 0>",3,"[<402, 0>]",[1000],20,[],[]
"<163, 0>",0,"[<70, 0>]",[500],50,[],[]
"<163, 0>",1,"[<343, 0>]",[1000],20,[],[]
"<163, 0>",2,"[<12967, 0>]",[2000],50,[],[]
"<163, 0>",3,"[<12968, 0>]",[5000],50,[],[]
"<184, 0>",0,"[<177, 0>]",[1000],50,[],[]
"<184, 0>",1,"[<24, 0>]",[1000],100,[],[]
"<184, 0>",2,"[<472, 0>]",[1000],100,[],[]
"<223, 0>",0,"[<215, 0>]",[1000],50,[],[]
"<223, 0>",1,"[<3481, 0>]",[2000],100,[],[]
"<223, 0>",2,"[<4535, 0>, <3339, 0>]","[1000, -2000]",20,[],[]
"<233, 0>",0,"[<70, 0>]",[500],50,[],[]
"<233, 0>",1,"[<486, 0>]",[2000],100,[],[]
"<233, 0>",2,"[<5425, 0>]",[1000],100,[],[]
"<241, 0>",0,"[<486, 0>]",[1000],50,[],[]
"<241, 0>",1,"[<434, 0>]",[500],100,[],[]
"<241, 0>",2,"[<6314, 0>]",[1000],100,[],[]
"<259, 0>",0,"[<554, 0>, <95, 0>]","[1000, 500]",50,[],[]
"<259, 0>",1,"[<1231, 0>]",[250],100,[],[]
"<259, 0>",2,"[<12994, 0>]",[5000],100,[],[]
"<259, 0>",3,"[<13041, 0>]",[500],20,[],[]
"<270, 0>",0,"[<70, 0>]",[500],50,[],[]
"<270, 0>",1,"[<24, 0>]",[3000],100,[],[]
"<270, 0>",2,"[<12663, 0>]",[10000],20,[],[]
"<303, 0>",0,"[<70, 0>]",[500],50,[],[]
"<303, 0>",1,"[<173, 0>]",[50],100,[],[]
"<303, 0>",2,"[<6896, 0>]",[50],20,[],[]
"<303, 0>",3,"[<13065, 0>]",[250],50,[],[]
"<309, 0>",0,"[<216, 0>]",[500],50,[],[]
"<309, 0>",1,"[<1487, 0>]",[3000],10,[41],[]
"<309, 0>",2,"[<12988, 0>]",[4000],20,[],[]
"<328, 0>",0,"[<70, 0>]",[500],50,[],[]
"<328, 0>",1,"[<174, 0>]",[50],20,[],[]
"<328, 0>",2,"[<24, 0>]",[1000],100,[],[]
"<506, 0>",0,"[<42, 0>]",[500],50,[],[]
"<506, 0>",1,"[<42, 0>, <10199, 0>]","[-1000, 1000]",50,[],[]
"<506, 0>",2,"[<1101, 0>]",[1000],100,[],[]
"<507, 0>",0,"[<70, 0>]",[500],50,[],[]
"<507, 0>",1,"[<3339, 0>]",[500],5,[],[]
"<507, 0>",2,"[<9100, 0>]",[500],50,[],[]
"<511, 0>",0,"[<498, 0>]",[500],50,[],[]
"<511, 0>",1,"[<213, 0>, <14029, 0>, <175, 0>]","[1000, -1000, 500]",100,[],[]
"<511, 0>",2,"[<13232, 0>]",[1000],50,[],[]
"<509, 0>",0,"[<498, 0>]",[500],50,[],[]
"<509, 0>",1,"[<213, 0>, <14029, 0>, <175, 0>]","[1000, -1000, 500]",100,[],[]
"<509, 0>",2,"[<13232, 0>]",[1000],50,[],[]
"<513, 0>",0,"[<175, 0>]",[500],50,[],[]
"<513, 0>",1,"[<12565, 0>]",[3000],100,[],[]
"<513, 0>",2,"[<498, 0>]",[500],100,[],[]
"<515, 0>",0,"[<49, 0>]",[500],50,[],[]
"<515, 0>",1,"[<455, 0>]",[500],100,[],[]
"<515, 0>",2,"[<1102, 0>]",[1000],100,[],[]
"<517, 0>",0,"[<84, 0>]",[1000],50,[],[]
"<517, 0>",1,"[<95, 0>]",[1000],100,[],[]
"<517, 0>",2,"[<12892, 0>]",[200],20,[],[]
"<518, 0>",0,"[<619, 0>]",[500],100,[],[]
"<518, 0>",1,"[<434, 0>, <24, 0>]","[500, -1000]",50,[],[]
"<518, 0>",2,"[<434, 0>]",[250],50,[],[]
"<520, 0>",0,"[<56, 0>]",[500],50,[],[]
"<520, 0>",1,"[<554, 0>]",[1500],100,[],[]
"<520, 0>",2,"[<1103, 0>]",[1000],100,[],[]
"<541, 0>",0,"[<159, 0>, <617, 0>]","[1000, 1000]",50,[],[]
"<541, 0>",1,"[<5459, 0>]",[2000],100,[],[]
"<541, 0>",2,"[<2095, 0>]",[6000],100,[],[]
"<541, 0>",3,"[<12684, 0>, <4128, 0>]","[1000, 500]",10,[41],[]
"<553, 0>",0,"[<434, 0>]",[500],50,[],[]
"<553, 0>",1,"[<9784, 0>]",[1000],100,[],[]
"<553, 0>",2,"[<1104, 0>]",[1000],100,[],[]
"<566, 0>",0,"[<8452, 0>]",[250],50,[],[]
"<566, 0>",1,"[<12824, 0>]",[100],5,[],[]
"<566, 0>",2,"[<12964, 0>]",[2000],50,[],[]
"<571, 0>",0,"[<209, 0>]",[1000],50,[],[]
"<571, 0>",1,"[<434, 0>]",[500],100,[],[]
"<571, 0>",2,"[<25, 0>]",[1000],100,[],[]
"<614, 0>",0,"[<486, 0>]",[1000],50,[],[]
"<614, 0>",1,"[<216, 0>]",[2000],100,[],[]
"<614, 0>",2,"[<3605, 0>]",[500],5,[],[]
"<614, 0>",3,"[<12990, 0>]",[2000],20,[],[]
"<619, 0>",0,"[<216, 0>]",[3000],10000,[],[]
"<619, 0>",1,"[<12640, 0>]",[1000],1,[],[]
"<620, 0>",0,"[<216, 0>]",[3000],50,[],[]
"<621, 0>",0,"[<10118, 0>]",[1000],50,[],[]
"<621, 0>",1,"[<554, 0>]",[1000],100,[],[]
"<621, 0>",2,"[<213, 0>]",[500],100,[],[]
"<626, 0>",0,"[<554, 0>]",[1000],50,[],[]
"<626, 0>",1,"[<95, 0>]",[250],100,[],[]
"<626, 0>",2,"[<3865, 0>]",[500],20,[],[]
"<628, 0>",0,"[<95, 0>]",[500],50,[],[]
"<628, 0>",1,"[<554, 0>]",[1000],100,[],[]
"<628, 0>",2,"[<6068, 0>]",[750],100,[],[]
"<629, 0>",0,"[<479, 0>]",[500],50,[],[]
"<629, 0>",1,"[<24, 0>]",[500],100,[],[]
"<629, 0>",2,"[<402, 0>]",[2000],100,[],[]
"<631, 0>",0,"[<9067, 0>]",[500],50,[],[]
"<631, 0>",1,"[<584, 0>]",[2000],100,[],[]
"<631, 0>",2,"[<9289, 0>]",[5000],50,[],[]
"<633, 0>",0,"[<9068, 0>]",[500],50,[],[]
"<633, 0>",1,"[<12918, 0>]",[500],5,[],[]
"<633, 0>",2,"[<1301, 0>]",[200],20,[],[]
"<634, 0>",0,"[<63, 0>]",[500],50,[],[]
"<634, 0>",1,"[<597, 0>]",[250],100,[],[]
"<634, 0>",2,"[<1104, 0>]",[1000],100,[],[]
"<636, 0>",0,"[<186, 0>]",[250],50,[],[]
"<636, 0>",1,"[<3339, 0>]",[3000],100,[],[]
"<636, 0>",2,"[<13052, 0>]",[1000],100,[],[]
"<782, 0>",0,"[<175, 0>]",[1000],50,[],[]
"<782, 0>",1,"[<6249, 0>]",[100],100,[],[]
"<782, 0>",2,"[<173, 0>]",[100],100,[],[]
"<782, 0>",3,"[<1489, 0>]",[2000],100,[41],[]
"<2881, 0>",0,"[<175, 0>]",[1000],50,[],[]
"<799, 0>",0,"[<341, 0>]",[1500],50,[],[]
"<799, 0>",1,"[<3832, 0>]",[200],100,[],[]
"<799, 0>",2,"[<12934, 0>]",[5000],10,[],[]
"<801, 0>",0,"[<175, 0>]",[2000],50,[],[]
"<801, 0>",1,"[<6249, 0>]",[100],20,[],[]
"<801, 0>",2,"[<49, 0>]",[1000],100,[],[]
"<801, 0>",3,"[<8724, 0>]",[-1000],50,[],[]
"<816, 0>",0,"[<498, 0>]",[500],50,[],[]
"<816, 0>",1,"[<6249, 0>]",[100],100,[],[]
"<816, 0>",2,"[<12927, 0>]",[2000],100,[],[]
"<817, 0>",0,"[<313, 0>]",[500],50,[],[]
"<817, 0>",1,"[<24, 0>]",[500],100,[],[]
"<817, 0>",2,"[<312, 0>]",[1000],100,[],[]
"<819, 0>",0,"[<617, 0>]",[1000],50,[],[]
"<819, 0>",1,"[<12682, 0>, <159, 0>]","[1000, 1000]",100,[],[]
"<819, 0>",2,"[<12683, 0>]",[500],100,[],[]
"<819, 0>",3,"[<12693, 0>]",[5000],20,[],[]
"<827, 0>",0,"[<12608, 0>]",[2000],50,[],[]
"<827, 0>",1,"[<70, 0>]",[500],100,[],[]
"<827, 0>",2,"[<434, 0>]",[1000],100,[],[]
"<834, 0>",0,"[<12608, 0>]",[2000],50,[],[]
"<844, 0>",0,"[<215, 0>]",[1000],50,[],[]
"<844, 0>",1,"[<24, 0>]",[3000],100,[],[]
"<844, 0>",2,"[<2066, 0>]",[5000],100,[],[]
"<852, 0>",0,"[<175, 0>]",[2000],50,[],[]
"<852, 0>",1,"[<13064, 0>, <634, 0>]","[3000, -1000]",50,[],[]
"<852, 0>",2,"[<13215, 0>]",[5000],20,[],[]
"<867, 0>",0,"[<200, 0>]",[2000],50,[],[]
"<867, 0>",1,"[<12690, 0>, <12691, 0>]","[2000, 5000]",50,[],[]
"<867, 0>",2,"[<56, 0>]",[1000],100,[],[]
"<903, 0>",0,"[<70, 0>, <3365, 0>]","[500, 500]",50,[],[]
"<903, 0>",1,"[<1104, 0>]",[1000],100,[],[]
"<903, 0>",2,"[<63, 0>]",[1000],100,[],[]
"<903, 0>",3,"[<13220, 0>]",[500],10,[],[]
"<912, 0>",0,"[<490, 0>]",[500],50,[],[]
"<912, 0>",1,"[<1231, 0>]",[100],10,[],[]
"<912, 0>",2,"[<10788, 0>]",[250],50,[],[]
"<913, 0>",0,"[<527, 0>]",[350],50,[],[]
"<915, 0>",0,"[<526, 0>]",[500],10000,[],[]
"<915, 0>",1,"[<12916, 0>]",[100],1,[],[]
"<916, 0>",0,"[<216, 0>]",[500],50,[],[]
"<916, 0>",1,"[<3339, 0>]",[500],5,[],[]
"<916, 0>",2,"[<1328, 0>]",[500],50,[],[]
"<918, 0>",0,"[<611, 0>, <215, 0>]","[1000, 1000]",50,[],[]
"<918, 0>",1,"[<554, 0>]",[3000],100,[],[]
"<918, 0>",2,"[<11566, 0>, <12993, 0>]","[200, -2000]",20,[],[]
"<941, 0>",0,"[<1387, 0>]",[500],50,[],[]
"<941, 0>",1,"[<13107, 0>]",[2000],100,[],[]
"<941, 0>",2,"[<2025, 0>]",[1000],100,[],[]
"<960, 0>",0,"[<141, 0>]",[-250],50,[],[]
"<960, 0>",1,"[<1387, 0>]",[500],100,[],[]
"<960, 0>",2,"[<621, 0>]",[-500],100,[],[]
"<968, 0>",0,"[<12614, 0>]",[250],50,[],[]
"<968, 0>",1,"[<477, 0>]",[200],100,[],[]
"<968, 0>",2,"[<12410, 0>]",[100],100,[],[]
"<974, 0>",0,"[<1387, 0>]",[500],50,[],[]
"<974, 0>",1,"[<13107, 0>]",[2000],100,[],[]
"<974, 0>",2,"[<2074, 0>]",[1000],100,[],[]
"<977, 0>",0,"[<1387, 0>]",[500],50,[],[]
"<977, 0>",1,"[<13107, 0>]",[2000],100,[],[]
"<977, 0>",2,"[<837, 0>]",[500],100,[],[]
"<988, 0>",0,"[<12613, 0>]",[250],50,[],[]
"<988, 0>",1,"[<477, 0>]",[200],100,[],[]
"<988, 0>",2,"[<9061, 0>]",[1000],100,[],[]
"<995, 0>",0,"[<730, 0>]",[250],50,[],[]
"<995, 0>",1,"[<837, 0>]",[1000],100,[],[]
"<995, 0>",2,"[<541, 0>]",[2000],100,[],[]
"<1000, 0>",0,"[<5233, 0>]",[500],50,[],[]
"<1000, 0>",1,"[<1387, 0>]",[500],100,[],[]
"<1000, 0>",2,"[<7264, 0>]",[500],100,[],[]
"<1027, 0>",0,"[<216, 0>]",[1000],50,[],[]
"<1027, 0>",1,"[<434, 0>]",[1000],100,[],[]
"<1027, 0>",2,"[<215, 0>, <24, 0>]","[1000, 3000]",100,[],[]
"<1027, 0>",3,"[<12993, 0>]",[-500],100,[],[]
"<1029, 0>",0,"[<216, 0>]",[1000],50,[],[]
"<1058, 0>",0,"[<24, 0>]",[1000],50,[],[]
"<1058, 0>",1,"[<12653, 0>]",[100000],50,[],[]
"<1058, 0>",2,"[<12654, 0>]",[500],50,[],[]
"<1058, 0>",3,"[<12655, 0>]",[5000],50,[],"[2, 0, 56]"
"<1060, 0>",0,"[<24, 0>]",[1000],50,[],[]
"<253, 0>",0,"[<215, 0>]",[1000],50,[],[]
"<253, 0>",1,"[<3339, 0>]",[1000],100,[],[]
"<253, 0>",2,"[<9396, 0>, <12669, 0>]","[10000, -10000]",10,[],[]
"<255, 0>",0,"[<215, 0>]",[1000],50,[],[]
"<1090, 0>",0,"[<341, 0>, <24, 0>]","[1000, 1000]",50,[],[]
"<1090, 0>",1,"[<402, 0>]",[1000],50,[],[]
"<1090, 0>",2,"[<402, 0>]",[-5000],10,[],[]
"<1101, 0>",0,"[<24, 0>]",[1000],50,[],[]
"<1101, 0>",1,"[<4482, 0>]",[1500],100,[],[]
"<1101, 0>",2,"[<12137, 0>]",[1000],50,[],[]
"<1101, 0>",3,"[<8088, 0>]",[100],10,[],[]
"<1113, 0>",0,"[<619, 0>]",[500],50,[],[]
"<1113, 0>",1,"[<2713, 0>]",[-500],10,[],[]
"<1113, 0>",2,"[<108, 0>]",[500],50,[],[]
"<1115, 0>",0,"[<488, 0>]",[500],50,[],[]
"<1115, 0>",1,"[<7403, 0>]",[150],100,[],[]
"<1115, 0>",2,"[<12919, 0>]",[2000],20,[],[]
"<1116, 0>",0,"[<215, 0>]",[500],50,[],[]
"<1116, 0>",1,"[<213, 0>, <14029, 0>, <215, 0>]","[1000, -1000, -500]",20,[],[]
"<1116, 0>",2,"[<6082, 0>]",[1000],50,[],[]
"<1118, 0>",0,"[<49, 0>, <42, 0>]","[500, 500]",50,[],[]
"<1118, 0>",1,"[<1105, 0>]",[500],100,[],[]
"<1118, 0>",2,"[<3364, 0>]",[3000],10,[],[]
"<1119, 0>",0,"[<42, 0>]",[500],50,[],[]
"<1119, 0>",1,"[<1328, 0>]",[250],100,[],[]
"<1119, 0>",2,"[<1328, 0>, <42, 0>]","[-500, 1000]",50,[],[]
"<1121, 0>",0,"[<617, 0>]",[500],50,[],[]
"<1121, 0>",1,"[<4482, 0>]",[-2000],100,[],[]
"<1121, 0>",2,"[<12921, 0>]",[1000],20,[],[]
"<1122, 0>",0,"[<159, 0>]",[750],50,[],[]
"<1122, 0>",1,"[<2095, 0>]",[3000],20,[],[]
"<1122, 0>",2,"[<12920, 0>]",[1000],100,[],[]
"<1123, 0>",0,"[<6053, 0>]",[500],50,[],[]
"<1123, 0>",1,"[<1874, 0>]",[250],100,[],[]
"<1123, 0>",2,"[<2209, 0>]",[2500],10,[],[]
"<1124, 0>",0,"[<343, 0>]",[500],50,[],[]
"<1124, 0>",1,"[<584, 0>]",[2000],100,[],[]
"<1124, 0>",2,"[<1301, 0>]",[100],10,[],[]
"<1125, 0>",0,"[<24, 0>]",[1000],100,[],[]
"<1125, 0>",1,"[<611, 0>]",[500],50,[],[]
"<1125, 0>",2,"[<108, 0>]",[1000],20,[],[]
"<1261, 0>",0,"[<24, 0>, <175, 0>]","[1000, 1000]",50,[],[]
"<1261, 0>",1,"[<6249, 0>]",[100],100,[],[]
"<1261, 0>",2,"[<173, 0>]",[100],20,[],[]
"<1261, 0>",3,"[<1103, 0>]",[1000],100,[],[]
"<3124, 0>",0,"[<42, 0>]",[1000],50,[],[]
"<3124, 0>",1,"[<175, 0>]",[1000],100,[],[]
"<3124, 0>",2,"[<1231, 0>]",[100],20,[],[]
"<3124, 0>",3,"[<1975, 0>]",[2000],100,[],[]
"<1312, 0>",0,"[<659, 0>]",[1000],50,[],[]
"<1312, 0>",1,"[<172, 0>]",[100],100,[],[]
"<1312, 0>",2,"[<2358, 0>]",[100],10,[],[]
"<1316, 0>",0,"[<215, 0>]",[1000],50,[],[]
"<1316, 0>",1,"[<9541, 0>]",[250],50,[],[]
"<1316, 0>",2,"[<12676, 0>]",[1000],50,[],[]
"<1317, 0>",0,"[<215, 0>]",[1000],50,[],[]
"<1329, 0>",0,"[<24, 0>]",[1000],50,[],[]
"<1329, 0>",1,"[<173, 0>]",[50],20,[],[]
"<1329, 0>",2,"[<6068, 0>]",[1000],20,[],[]
"<1330, 0>",0,"[<24, 0>]",[1000],50,[],[]
"<1616, 0>",0,"[<9100, 0>]",[500],50,[],[]
"<1616, 0>",1,"[<6249, 0>]",[100],20,[],[]
"<1616, 0>",2,"[<6896, 0>]",[100],20,[],[]
"<1616, 0>",3,"[<5425, 0>]",[500],50,[],[]
"<1632, 0>",0,"[<659, 0>]",[1000],50,[],[]
"<1632, 0>",1,"[<434, 0>]",[1000],100,[],[]
"<1632, 0>",2,"[<1103, 0>]",[1000],100,[],[]
"<1632, 0>",3,"[<12674, 0>]",[1000],10,[],[]
"<1641, 0>",0,"[<434, 0>]",[2000],50,[],[]
"<1641, 0>",1,"[<1342, 0>]",[500],100,[],[]
"<1641, 0>",2,"[<175, 0>]",[200],100,[],[]
"<1641, 0>",3,"[<13069, 0>]",[250],10,[],[]
"<1646, 0>",0,"[<434, 0>]",[2000],50,[],[]
"<1650, 0>",0,"[<434, 0>]",[2000],50,[],[]
"<1650, 0>",1,"[<1934, 0>]",[500],100,[],[]
"<1650, 0>",2,"[<596, 0>]",[50],5,[],[]
"<1652, 0>",0,"[<434, 0>]",[2000],50,[],[]
"<1652, 0>",1,"[<3092, 0>]",[2000],10,[],[]
"<1652, 0>",2,"[<584, 0>]",[200],100,[],[]
"<1658, 0>",0,"[<434, 0>]",[2000],50,[],[]
"<1658, 0>",1,"[<8876, 0>]",[250],100,[],[]
"<1658, 0>",2,"[<139, 0>, <138, 0>]","[-500, 500]",20,[],[]
"<1659, 0>",0,"[<434, 0>]",[2000],50,[],[]
"<1663, 0>",0,"[<434, 0>]",[2000],50,[],[]
"<1663, 0>",1,"[<620, 0>]",[100],20,[],[]
"<1663, 0>",2,"[<3642, 0>]",[50],100,[],[]
"<1667, 0>",0,"[<434, 0>]",[2000],50,[],[]
"<1670, 0>",0,"[<434, 0>]",[2000],50,[],[]
"<1670, 0>",1,"[<6090, 0>]",[250],100,[],[]
"<1670, 0>",2,"[<12987, 0>]",[100],10,[],[]
"<1673, 0>",0,"[<434, 0>]",[2000],50,[],[]
"<1673, 0>",1,"[<209, 0>]",[250],100,[],[]
"<1673, 0>",2,"[<177, 0>]",[50],5,[],[]
"<1680, 0>",0,"[<434, 0>]",[2000],50,[],[]
"<1680, 0>",1,"[<6479, 0>]",[500],100,[],[]
"<1680, 0>",2,"[<13070, 0>]",[500],20,[],[]
"<1688, 0>",0,"[<434, 0>]",[2000],50,[],[]
"<1688, 0>",1,"[<1934, 0>]",[250],100,[],[]
"<1688, 0>",2,"[<14769, 0>]",[200],1,[],[]
"<1697, 0>",0,"[<42, 0>]",[1000],50,[],[]
"<1697, 0>",1,"[<554, 0>]",[3000],100,[],[]
"<1697, 0>",2,"[<6249, 0>]",[100],100,[],[]
"<1703, 0>",0,"[<2661, 0>]",[500],50,[],[]
"<1703, 0>",1,"[<434, 0>]",[1000],100,[],[]
"<1703, 0>",2,"[<1873, 0>]",[1000],20,[],[]
"<1704, 0>",0,"[<1934, 0>]",[250],100,[],[]
"<1704, 0>",1,"[<14771, 0>]",[200],50,[],[]
"<1704, 0>",2,"[<24, 0>]",[500],50,[],[]
"<1709, 0>",0,"[<434, 0>]",[2000],50,[],[]
"<1709, 0>",1,"[<400, 0>]",[250],100,[],[]
"<1709, 0>",2,"[<12969, 0>]",[250],100,[],[]
"<1711, 0>",0,"[<434, 0>]",[2000],50,[],[]
"<1712, 0>",0,"[<24, 0>]",[500],50,[],[]
"<1712, 0>",1,"[<2616, 0>]",[3000],100,[],[]
"<1712, 0>",2,"[<12911, 0>]",[100],50,[],[]
"<1713, 0>",0,"[<498, 0>]",[500],50,[],[]
"<1713, 0>",1,"[<12928, 0>]",[2000],100,[],[]
"<1713, 0>",2,"[<13217, 0>]",[1000],5,[],[]
"<1715, 0>",0,"[<498, 0>]",[500],50,[],[]
"<1715, 0>",1,"[<70, 0>, <24, 0>]","[-500, 2000]",100,[],[]
"<1715, 0>",2,"[<175, 0>]",[500],100,[],[]
"<1716, 0>",0,"[<25, 0>]",[500],50,[],[]
"<1716, 0>",1,"[<216, 0>, <24, 0>]","[-500, 2000]",100,[],[]
"<1716, 0>",2,"[<175, 0>]",[500],100,[],[]
"<1717, 0>",0,"[<24, 0>]",[500],50,[],[]
"<1717, 0>",1,"[<2693, 0>]",[2500],20,[],[]
"<1717, 0>",2,"[<12994, 0>]",[2000],100,[],[]
"<1718, 0>",0,"[<1342, 0>]",[1000],50,[],[]
"<1718, 0>",1,"[<430, 0>]",[1000],100,[],[]
"<1718, 0>",2,"[<167, 0>]",[1000],100,[],[]
"<1728, 0>",0,"[<1839, 0>]",[500],50,[],[]
"<1728, 0>",1,"[<14769, 0>]",[2000],50,[],[]
"<1728, 0>",2,"[<10042, 0>]",[1000],20,[],[]
"<1731, 0>",0,"[<10042, 0>]",[1000],1000,[],[]
"<1731, 0>",1,"[<12989, 0>]",[1000],1,[],[]
"<1732, 0>",0,"[<166, 0>]",[1000],50,[],[]
"<1732, 0>",1,"[<1342, 0>, <216, 0>]","[1000, 500]",100,[],[]
"<1732, 0>",2,"[<1102, 0>]",[2000],20,[29],[]
"<1732, 0>",3,"[<479, 0>]",[1000],100,[],[]
"<1742, 0>",0,"[<845, 0>]",[3000],50,[],[]
"<1742, 0>",1,"[<430, 0>]",[5000],100,[],[]
"<1742, 0>",2,"[<1934, 0>]",[3000],100,[],[]
"<1748, 0>",0,"[<215, 0>]",[1000],50,[],[]
"<1748, 0>",1,"[<13006, 0>]",[1000],100,[],[]
"<1748, 0>",2,"[<13007, 0>]",[20000],100,[],[]
"<1749, 0>",0,"[<26, 0>]",[1000],50,[],[]
"<1749, 0>",1,"[<215, 0>]",[2000],100,[],[]
"<1749, 0>",2,"[<3339, 0>]",[500],100,[],[]
"<1749, 0>",3,"[<13020, 0>]",[1000],20,[],[]
"<1759, 0>",0,"[<680, 0>]",[1000],10000,[],[]
"<1759, 0>",1,"[<216, 0>]",[-500],1,[],[]
"<1760, 0>",0,"[<42, 0>]",[1000],50,[],[]
"<1760, 0>",1,"[<215, 0>]",[1000],100,[],[]
"<1760, 0>",2,"[<611, 0>, <3890, 0>]","[3000, -1000]",20,[],[]
"<1818, 0>",0,"[<166, 0>]",[1000],50,[],[]
"<1818, 0>",1,"[<1342, 0>]",[2000],100,[],[]
"<1818, 0>",2,"[<13016, 0>]",[60000],100,[],[]
"<1818, 0>",3,"[<13017, 0>]",[2000],10,[],[]
"<1819, 0>",0,"[<166, 0>]",[1000],50,[],[]
"<1819, 0>",1,"[<430, 0>]",[5000],100,[],[]
"<1819, 0>",2,"[<1342, 0>]",[2000],100,[],[]
"<1862, 0>",0,"[<175, 0>]",[1000],50,[],[]
"<1862, 0>",1,"[<173, 0>]",[100],100,[],[]
"<1862, 0>",2,"[<12864, 0>]",[500],20,[],[]
"<1894, 0>",0,"[<978, 0>]",[1000],50,[],[]
"<1894, 0>",1,"[<974, 0>]",[500],100,[],[]
"<1894, 0>",2,"[<3667, 0>]",[2000],50,[],[]
"<1896, 0>",0,"[<49, 0>]",[1000],50,[],[]
"<1896, 0>",1,"[<434, 0>]",[500],100,[],[]
"<1896, 0>",2,"[<1102, 0>]",[1000],100,[],[]
"<1907, 0>",0,"[<434, 0>]",[500],50,[],[]
"<1907, 0>",1,"[<215, 0>]",[1000],100,[],[]
"<1907, 0>",2,"[<173, 0>]",[50],10,[],[]
"<1907, 0>",3,"[<8761, 0>]",[2000],50,[],[]
"<1931, 0>",0,"[<659, 0>]",[500],50,[],[]
"<1931, 0>",1,"[<11863, 0>]",[1000],100,[],[]
"<1931, 0>",2,"[<7963, 0>]",[500],50,[],[]
"<1931, 0>",3,"[<108, 0>]",[1000],20,[],[]
"<2880, 0>",0,"[<12609, 0>]",[1500],50,[],[]
"<1955, 0>",0,"[<215, 0>]",[1000],50,[],[]
"<1955, 0>",1,"[<12945, 0>]",[1000],100,[],[]
"<1955, 0>",2,"[<3064, 0>, <3065, 0>]","[-50, -50]",10,[],[]
"<1966, 0>",0,"[<175, 0>]",[1000],50,[],[]
"<1966, 0>",1,"[<173, 0>]",[50],20,[],[]
"<1966, 0>",2,"[<1101, 0>]",[1000],100,[],[]
"<1966, 0>",3,"[<1342, 0>, <430, 0>]","[1000, 1000]",100,[],[]
"<2007, 0>",0,"[<1342, 0>]",[1000],50,[],[]
"<2007, 0>",1,"[<430, 0>]",[1000],100,[],[]
"<2007, 0>",2,"[<167, 0>]",[1000],50,[],[]
"<2007, 0>",3,"[<12675, 0>]",[500],10,[],[]
"<2010, 0>",0,"[<42, 0>]",[500],50,[],[]
"<2010, 0>",1,"[<209, 0>]",[3000],100,[],[]
"<2010, 0>",2,"[<12905, 0>]",[5000],10,[],[]
"<2011, 0>",0,"[<49, 0>]",[500],50,[],[]
"<2011, 0>",1,"[<455, 0>]",[500],100,[],[]
"<2011, 0>",2,"[<12457, 0>]",[1000],100,[],[]
"<2012, 0>",0,"[<56, 0>]",[500],50,[],[]
"<2012, 0>",1,"[<659, 0>]",[500],100,[],[]
"<2012, 0>",2,"[<12458, 0>]",[1000],100,[],[]
"<2014, 0>",0,"[<11863, 0>]",[500],100,[],[]
"<2014, 0>",1,"[<175, 0>]",[500],50,[],[]
"<2014, 0>",2,"[<13215, 0>]",[4000],50,[],[]
"<2017, 0>",0,"[<498, 0>]",[500],50,[],[]
"<2017, 0>",1,"[<12100, 0>]",[1000],100,[],[]
"<2017, 0>",2,"[<6249, 0>]",[50],10,[],[]
"<2019, 0>",0,"[<207, 0>]",[-500],50,[],[]
"<2019, 0>",1,"[<12502, 0>]",[250],100,[],[]
"<2019, 0>",2,"[<536, 0>]",[1000],100,[],[]
"<2032, 0>",0,"[<206, 0>]",[-1000],50,[],[]
"<2032, 0>",1,"[<12502, 0>]",[250],100,[],[]
"<2032, 0>",2,"[<535, 0>]",[1000],100,[],[]
"<2039, 0>",0,"[<205, 0>]",[-1000],50,[],[]
"<2039, 0>",1,"[<12502, 0>]",[250],100,[],[]
"<2039, 0>",2,"[<533, 0>]",[1000],100,[],[]
"<2065, 0>",0,"[<56, 0>]",[1000],50,[],[]
"<2065, 0>",1,"[<216, 0>]",[500],100,[],[]
"<2065, 0>",2,"[<12947, 0>]",[500],20,[],[]
"<2133, 0>",0,"[<434, 0>]",[500],50,[],[]
"<2133, 0>",1,"[<479, 0>]",[1000],100,[],[]
"<2133, 0>",2,"[<1232, 0>]",[250],100,[],[]
"<2133, 0>",3,"[<13013, 0>]",[1000],100,[],[]
"<2142, 0>",0,"[<434, 0>]",[500],50,[],[]
"<2183, 0>",0,"[<490, 0>]",[500],50,[],[]
"<2183, 0>",1,"[<70, 0>, <12544, 0>]","[-1000, 1000]",50,[],[]
"<2183, 0>",2,"[<70, 0>]",[500],100,[],[]
"<2185, 0>",0,"[<25, 0>]",[500],50,[],[]
"<2185, 0>",1,"[<216, 0>]",[500],100,[],[]
"<2185, 0>",2,"[<2360, 0>, <12932, 0>]","[-1000, 3000]",20,[],[]
"<2188, 0>",0,"[<434, 0>]",[500],50,[],[]
"<2188, 0>",1,"[<1361, 0>]",[1000],100,[],[]
"<2188, 0>",2,"[<1250, 0>]",[2000],50,[],[]
"<2190, 0>",0,"[<554, 0>]",[1000],50,[],[]
"<2190, 0>",1,"[<1251, 0>]",[1000],100,[],[]
"<2190, 0>",2,"[<6142, 0>]",[100],10,[],[]
"<2191, 0>",0,"[<166, 0>]",[1000],50,[],[]
"<2191, 0>",1,"[<430, 0>]",[2000],100,[],[]
"<2191, 0>",2,"[<24, 0>]",[1000],100,[],[]
"<2191, 0>",3,"[<954, 0>]",[100],50,[],[]
"<2202, 0>",0,"[<209, 0>]",[500],50,[],[]
"<2202, 0>",1,"[<202, 0>]",[1000],100,[],[]
"<2202, 0>",2,"[<6314, 0>]",[2000],100,[],[]
"<2203, 0>",0,"[<10267, 0>]",[100],50,[],[]
"<2203, 0>",1,"[<2672, 0>]",[500],100,[],[]
"<2203, 0>",2,"[<12903, 0>]",[2000],20,[],[]
"<2211, 0>",0,"[<462, 0>]",[0],50,[],[]
"<2211, 0>",1,"[<2656, 0>]",[1000],100,[],[]
"<2211, 0>",2,"[<462, 0>]",[0],100,[],[]
"<2212, 0>",0,"[<1387, 0>]",[500],50,[],[]
"<2212, 0>",1,"[<462, 0>]",[0],100,[],[]
"<2212, 0>",2,"[<1387, 0>, <2025, 0>]","[-500, 2000]",100,[],[]
"<2242, 0>",0,"[<70, 0>]",[500],50,[],[]
"<2242, 0>",1,"[<12685, 0>]",[5000],20,[],[]
"<2242, 0>",2,"[<3633, 0>]",[1000],100,[],[]
"<2242, 0>",3,"[<2283, 0>]",[100],10,[],[]
"<2243, 0>",0,"[<70, 0>]",[500],50,[],[]
"<2312, 0>",0,"[<9324, 0>]",[1000],50,[],[]
"<2312, 0>",1,"[<12541, 0>]",[1000],50,[],[]
"<2312, 0>",2,"[<70, 0>]",[500],100,[],[]
"<2313, 0>",0,"[<556, 0>]",[1000],50,[],[]
"<2313, 0>",1,"[<462, 0>]",[0],100,[],[]
"<2313, 0>",2,"[<462, 0>]",[0],100,[],[]
"<2314, 0>",0,"[<2607, 0>]",[500],50,[],[]
"<2314, 0>",1,"[<2607, 0>]",[3000],100,[],[]
"<2314, 0>",2,"[<462, 0>]",[0],100,[],[]
"<2315, 0>",0,"[<25, 0>]",[500],50,[],[]
"<2315, 0>",1,"[<462, 0>]",[0],100,[],[]
"<2315, 0>",2,"[<3339, 0>]",[1000],20,[],[]
"<2316, 0>",0,"[<312, 0>]",[1000],50,[],[]
"<2316, 0>",1,"[<950, 0>]",[100],20,[],[]
"<2316, 0>",2,"[<12925, 0>]",[200],50,[],[]
"<2317, 0>",0,"[<231, 0>]",[5000],50,[],[]
"<2317, 0>",1,"[<13048, 0>]",[-3000],5,[],[]
"<2331, 0>",0,"[<56, 0>, <12458, 0>]","[1000, 500]",50,[],[]
"<2331, 0>",1,"[<175, 0>]",[1000],100,[],[]
"<2331, 0>",2,"[<12675, 0>]",[1000],10,[],[]
"<2333, 0>",0,"[<6473, 0>]",[250],50,[],[]
"<2373, 0>",0,"[<434, 0>]",[2000],50,[],[]
"<2373, 0>",1,"[<215, 0>]",[1000],100,[],[]
"<2373, 0>",2,"[<13000, 0>]",[500],20,[],[]
"<2394, 0>",0,"[<341, 0>]",[1000],50,[],[]
"<2394, 0>",1,"[<3390, 0>]",[100],20,[],[]
"<2394, 0>",2,"[<12904, 0>]",[1000],100,[],[]
"<2419, 0>",0,"[<177, 0>]",[2000],50,[],[]
"<2419, 0>",1,"[<2672, 0>]",[3000],100,[],[]
"<2419, 0>",2,"[<159, 0>]",[2000],100,[],[]
"<2421, 0>",0,"[<70, 0>]",[500],50,[],[]
"<2421, 0>",1,"[<175, 0>]",[1000],100,[],[]
"<2421, 0>",2,"[<175, 0>, <173, 0>]","[-500, 50]",20,[],[]
"<2428, 0>",0,"[<70, 0>]",[500],50,[],[]
"<2492, 0>",0,"[<498, 0>]",[500],50,[],[]
"<2492, 0>",1,"[<11137, 0>]",[750],100,[],[]
"<2492, 0>",2,"[<13215, 0>]",[3000],20,[],[]
"<2493, 0>",0,"[<2966, 0>]",[-500],50,[],[]
"<2493, 0>",1,"[<6082, 0>]",[500],100,[],[]
"<2493, 0>",2,"[<9100, 0>]",[500],20,[],[]
"<2496, 0>",0,"[<2479, 0>]",[3000],50,[],[]
"<2496, 0>",1,"[<12896, 0>]",[500000],100,[],[]
"<2496, 0>",2,"[<12897, 0>]",[3000],100,[],[]
"<2498, 0>",0,"[<24, 0>]",[500],50,[],[]
"<2498, 0>",1,"[<215, 0>]",[1000],100,[],[]
"<2498, 0>",2,"[<13042, 0>]",[-1000],20,[],[]
"<2499, 0>",0,"[<24, 0>]",[500],50,[],[]
"<2499, 0>",1,"[<215, 0>]",[1000],100,[],[]
"<2499, 0>",2,"[<1843, 0>]",[1000],100,[],[]
"<2506, 0>",0,"[<177, 0>]",[1000],50,[],[]
"<2506, 0>",1,"[<8298, 0>]",[500],100,[],[]
"<2506, 0>",2,"[<4293, 0>]",[1000],50,[],[]
"<2506, 0>",3,"[<6753, 0>]",[5000],20,[30],[]
"<2564, 0>",0,"[<231, 0>]",[5000],50,[],[]
"<2564, 0>",1,"[<13049, 0>]",[-3000],5,[],[]
"<2565, 0>",0,"[<434, 0>]",[2000],50,[],[]
"<2565, 0>",1,"[<192, 0>]",[250],100,[],[]
"<2565, 0>",2,"[<593, 0>]",[50],10,[],[]
"<2568, 0>",0,"[<434, 0>]",[2000],50,[],[]
"<2568, 0>",1,"[<191, 0>]",[250],100,[],[]
"<2568, 0>",2,"[<594, 0>]",[50],10,[],[]
"<2571, 0>",0,"[<434, 0>]",[2000],50,[],[]
"<2571, 0>",1,"[<193, 0>]",[250],100,[],[]
"<2571, 0>",2,"[<595, 0>]",[50],10,[],[]
"<2574, 0>",0,"[<434, 0>]",[500],50,[],[]
"<2574, 0>",1,"[<434, 0>, <216, 0>]","[2000, -2000]",100,[],[]
"<2574, 0>",2,"[<215, 0>]",[-500],100,[],[]
"<2574, 0>",3,"[<12651, 0>]",[250],20,[],[]
"<2585, 0>",0,"[<434, 0>]",[500],50,[],[]
"<2646, 0>",0,"[<24, 0>]",[1000],50,[],[]
"<2646, 0>",1,"[<1487, 0>, <3368, 0>]","[2000, 1000]",10,[41],[]
"<2646, 0>",2,"[<13061, 0>, <1212, 0>]","[100, -1000]",20,[],[]
"<2646, 0>",3,"[<5723, 0>, <13062, 0>]","[500, -500]",50,[],[]
"<2647, 0>",0,"[<24, 0>]",[1000],50,[],[]
"<2694, 0>",0,"[<498, 0>]",[500],50,[],[]
"<2694, 0>",1,"[<479, 0>]",[1000],100,[],[]
"<2694, 0>",2,"[<70, 0>]",[500],100,[],[]
"<2694, 0>",3,"[<10651, 0>]",[5000],20,[],[]
"<2716, 0>",0,"[<26, 0>]",[500],50,[],[]
"<2716, 0>",1,"[<3633, 0>, <3368, 0>]","[500, 500]",100,[],[]
"<2716, 0>",2,"[<8429, 0>]",[500],100,[],[]
"<2717, 0>",0,"[<617, 0>]",[1000],50,[],[]
"<2717, 0>",1,"[<215, 0>]",[1000],100,[],[]
"<2717, 0>",2,"[<2103, 0>]",[100],50,[],[]
"<2717, 0>",3,"[<12653, 0>]",[100000],20,[],[]
"<2750, 0>",0,"[<216, 0>]",[500],50,[],[]
"<2750, 0>",1,"[<8678, 0>]",[500],10,[],[]
"<2750, 0>",2,"[<9081, 0>]",[250],100,[],[]
"<2770, 0>",0,"[<231, 0>]",[5000],50,[],[]
"<2770, 0>",1,"[<13050, 0>]",[-3000],5,[],[]
"<2777, 0>",0,"[<216, 0>]",[1000],50,[],[]
"<2777, 0>",1,"[<63, 0>]",[10000],100,[],[]
"<2777, 0>",2,"[<12985, 0>]",[3000],100,[],[]
"<2777, 0>",3,"[<12986, 0>]",[1000],10,[],[]
"<2810, 0>",0,"[<215, 0>]",[500],50,[],[]
"<2810, 0>",1,"[<105, 0>]",[2000],20,[],[]
"<2810, 0>",2,"[<8452, 0>]",[500],100,[],[]
"<2819, 0>",0,"[<860, 0>]",[500],50,[],[]
"<2819, 0>",1,"[<12993, 0>, <3056, 0>]","[-2000, 5000]",20,[],[]
"<2819, 0>",2,"[<1086, 0>, <2091, 0>]","[100, 100]",5,[],[]
"<2824, 0>",0,"[<24, 0>]",[1000],50,[],[]
"<2824, 0>",1,"[<434, 0>]",[500],100,[],[]
"<2824, 0>",2,"[<434, 0>, <12479, 0>]","[-1000, 2000]",20,[],[]
"<2887, 0>",0,"[<10199, 0>]",[500],50,[],[]
"<3123, 0>",0,"[<2273, 0>]",[250],50,[],[]
"<3123, 0>",1,"[<12893, 0>]",[2000],20,[],[]
"<3149, 0>",0,"[<215, 0>, <3339, 0>]","[1000, 1000]",50,[],[]
"<3149, 0>",1,"[<177, 0>]",[2000],100,[],[]
"<3149, 0>",2,"[<3339, 0>, <13009, 0>]","[-2000, 200000]",5,[],[]
"<3264, 0>",0,"[<498, 0>]",[1000],50,[],[]
"<3264, 0>",1,"[<12685, 0>]",[3000],20,[],[]
"<3264, 0>",2,"[<70, 0>]",[500],100,[],[]
"<3297, 0>",0,"[<845, 0>]",[2000],50,[],[]
"<3297, 0>",1,"[<3844, 0>]",[250],10,[],[]
"<3297, 0>",2,"[<845, 0>, <14769, 0>]","[5000, -1000]",50,[],[]
"<3299, 0>",0,"[<2455, 0>]",[750],50,[],[]
"<3299, 0>",1,"[<434, 0>, <209, 0>]","[-1000, 3000]",100,[],[]
"<3299, 0>",2,"[<434, 0>]",[1000],100,[],[]
"<3300, 0>",0,"[<2496, 0>]",[750],50,[],[]
"<3300, 0>",1,"[<434, 0>]",[500],100,[],[]
"<3300, 0>",2,"[<12998, 0>]",[500],100,[],[]
"<3301, 0>",0,"[<2497, 0>]",[750],50,[],[]
"<3301, 0>",1,"[<215, 0>]",[1000],100,[],[]
"<3301, 0>",2,"[<12999, 0>, <477, 0>]","[1500, 500]",20,[],[]
"<3302, 0>",0,"[<617, 0>]",[1000],50,[],[]
"<3302, 0>",1,"[<650, 0>, <9784, 0>]","[-2000, 1000]",50,[],[8]
"<3302, 0>",2,"[<8369, 0>]",[1000],100,[],[]
"<3303, 0>",0,"[<617, 0>]",[1000],50,[],[]
"<3303, 0>",1,"[<10037, 0>]",[500],100,[],[]
"<3303, 0>",2,"[<12137, 0>]",[1000],50,[],[]
"<3310, 0>",0,"[<12615, 0>]",[250],50,[],[]
"<3310, 0>",1,"[<477, 0>]",[200],100,[],[]
"<3310, 0>",2,"[<1035, 0>]",[-250],100,[],[]
"<3506, 0>",0,"[<56, 0>]",[1000],50,[],[]
"<3506, 0>",1,"[<434, 0>]",[500],100,[],[]
"<3506, 0>",2,"[<216, 0>]",[500],100,[],[]
"<3506, 0>",3,"[<634, 0>, <6521, 0>]","[-2000, 10000]",50,[],[]
"<3795, 0>",0,"[<434, 0>]",[500],50,[],[]
"<3795, 0>",1,"[<6249, 0>]",[100],10,[],[]
"<3795, 0>",2,"[<12672, 0>]",[1500],100,[],[]
"<3806, 0>",0,"[<176, 0>]",[1500],50,[],[]
"<3806, 0>",1,"[<215, 0>]",[1000],100,[],[]
"<3806, 0>",2,"[<159, 0>]",[3000],100,[],[]
"<3806, 0>",3,"[<9916, 0>]",[50],20,[],[]
"<3808, 0>",0,"[<176, 0>]",[1500],50,[],[]
"<3808, 0>",1,"[<215, 0>]",[1000],100,[],[]
"<3808, 0>",2,"[<159, 0>]",[3000],100,[],[]
"<3808, 0>",3,"[<9916, 0>]",[100],20,[],[]
"<3889, 0>",0,"[<24, 0>]",[1000],50,[],[]
"<3889, 0>",1,"[<3339, 0>]",[1000],50,[],[]
"<3889, 0>",2,"[<12687, 0>]",[1000],20,[],[]
"<3891, 0>",0,"[<434, 0>]",[500],50,[],[]
"<3891, 0>",1,"[<12686, 0>]",[2000],20,[],[]
"<3891, 0>",2,"[<3339, 0>]",[1000],50,[],[]
"<3891, 0>",3,"[<24, 0>]",[1000],100,[],[]
"<3893, 0>",0,"[<215, 0>]",[1000],50,[],[]
"<3893, 0>",1,"[<24, 0>]",[1000],100,[],[]
"<3893, 0>",2,"[<172, 0>, <24, 0>]","[50, -2000]",5,[],[]
"<3893, 0>",3,"[<8104, 0>, <434, 0>]","[1000, -1000]",50,[],[]
"<3903, 0>",0,"[<26, 0>, <56, 0>]","[500, 500]",50,[],[]
"<3903, 0>",1,"[<1103, 0>]",[500],100,[],[]
"<3903, 0>",2,"[<12926, 0>]",[500],20,[],[]
"<3912, 0>",0,"[<2547, 0>]",[500],50,[],[]
"<3912, 0>",1,"[<3339, 0>]",[1000],50,[],[]
"<3912, 0>",2,"[<24, 0>]",[1000],100,[],[]
"<3912, 0>",3,"[<12659, 0>]",[2000],20,[],[]
"<3920, 0>",0,"[<159, 0>, <488, 0>]","[1000, 1000]",50,[],[]
"<3920, 0>",1,"[<5133, 0>]",[1000],100,[],[]
"<3920, 0>",2,"[<5132, 0>]",[1000],100,[],[]
"<3923, 0>",0,"[<159, 0>, <488, 0>]","[1000, 1000]",50,[],[]
"<3923, 0>",1,"[<5133, 0>]",[1000],100,[],[]
"<3923, 0>",2,"[<5132, 0>]",[1000],100,[],[]
"<3926, 0>",0,"[<159, 0>, <488, 0>]","[1000, 1000]",50,[],[]
"<3926, 0>",1,"[<5133, 0>]",[1000],100,[],[]
"<3926, 0>",2,"[<5132, 0>]",[1000],100,[],[]
"<3965, 0>",0,"[<1387, 0>]",[500],50,[],[]
"<3965, 0>",1,"[<1387, 0>, <434, 0>]","[-500, 2000]",100,[],[]
"<3965, 0>",2,"[<14769, 0>]",[200],10,[],[]
"<3967, 0>",0,"[<24, 0>]",[1000],50,[],[]
"<3967, 0>",1,"[<455, 0>]",[500],100,[],[]
"<3967, 0>",2,"[<7581, 0>]",[3000],100,[],[]
"<3967, 0>",3,"[<12668, 0>, <3053, 0>]","[-2000, 1500]",50,[],[]
"<3983, 0>",0,"[<434, 0>]",[1000],50,[],[]
"<3983, 0>",1,"[<3481, 0>]",[2000],100,[],[]
"<3983, 0>",2,"[<12125, 0>]",[2000],10,[],[]
"<3983, 0>",3,"[<13270, 0>]",[500],50,[],[]
"<3980, 0>",0,"[<3020, 0>]",[500],50,[],[]
"<3980, 0>",1,"[<12894, 0>]",[500],20,[],[]
"<3980, 0>",2,"[<12895, 0>]",[500],5,[],[]
"<4033, 0>",0,"[<434, 0>]",[1000],50,[],[]
"<4033, 0>",1,"[<3481, 0>]",[2000],100,[],[]
"<4033, 0>",2,"[<13270, 0>]",[500],50,[],[]
"<4033, 0>",3,"[<462, 0>]",[0],10,[],[]
"<8922, 0>",0,"[<462, 0>]",[0],50,[],[]
"<8922, 0>",1,"[<462, 0>]",[0],100,[],[]
"<8922, 0>",2,"[<462, 0>]",[0],100,[],[]
"<8922, 0>",3,"[<7870, 0>]",[1000],10,[],[]
"<4121, 0>",0,"[<3339, 0>]",[500],50,[],[]
"<4121, 0>",1,"[<11710, 0>]",[1000],100,[],[]
"<4121, 0>",2,"[<611, 0>, <13060, 0>]","[2000, 2000]",50,[],[]
"<4160, 0>",0,"[<24, 0>]",[1000],50,[],[]
"<4160, 0>",1,"[<434, 0>]",[2000],100,[],[]
"<4160, 0>",2,"[<3339, 0>]",[500],50,[],[]
"<4160, 0>",3,"[<14181, 0>]",[100000],100,[],[]
"<4161, 0>",0,"[<2607, 0>]",[500],100,[],[]
"<4161, 0>",1,"[<2952, 0>]",[500],50,[],[]
"<4161, 0>",2,"[<12908, 0>]",[250],50,[],[]
"<4179, 0>",0,"[<24, 0>, <175, 0>]","[1000, 1000]",50,[],[]
"<4179, 0>",1,"[<173, 0>]",[100],20,[],[]
"<4179, 0>",2,"[<12608, 0>]",[1000],100,[],[]
"<4227, 0>",0,"[<2914, 0>]",[1000],50,[],[]
"<4227, 0>",1,"[<1654, 0>]",[100],100,[],[]
"<4227, 0>",2,"[<2913, 0>]",[1000],100,[],[]
"<4228, 0>",0,"[<199, 0>]",[1500],50,[],[]
"<4228, 0>",1,"[<2916, 0>]",[1000],100,[],[]
"<4228, 0>",2,"[<12909, 0>]",[-200],100,[],[]
"<4229, 0>",0,"[<200, 0>]",[1500],50,[],[]
"<4229, 0>",1,"[<6280, 0>]",[100000],100,[],[]
"<4229, 0>",2,"[<12915, 0>]",[200],10,[],[]
"<4231, 0>",0,"[<24, 0>]",[1000],50,[],[]
"<4231, 0>",1,"[<434, 0>]",[500],100,[],[]
"<4231, 0>",2,"[<175, 0>]",[1000],50,[],[]
"<4231, 0>",3,"[<13222, 0>]",[500],20,[],[]
"<4271, 0>",0,"[<24, 0>]",[500],50,[],[]
"<4271, 0>",1,"[<213, 0>, <14029, 0>, <14769, 0>]","[500, -500, 1000]",100,[],[]
"<4271, 0>",2,"[<6142, 0>]",[100],10,[],[]
"<4285, 0>",0,"[<498, 0>]",[1000],50,[],[]
"<4285, 0>",1,"[<173, 0>, <70, 0>]","[100, -1000]",100,[],[]
"<4285, 0>",2,"[<175, 0>]",[1000],100,[],[]
"<4285, 0>",3,"[<8429, 0>]",[1000],100,[],[]
"<4290, 0>",0,"[<486, 0>]",[1000],50,[],[]
"<4290, 0>",1,"[<434, 0>]",[1000],50,[],[]
"<4290, 0>",2,"[<173, 0>]",[100],50,[],[]
"<4290, 0>",3,"[<11863, 0>]",[1000],50,[],[]
"<4297, 0>",0,"[<434, 0>]",[500],50,[],[]
"<4297, 0>",1,"[<594, 0>]",[250],100,[],[]
"<4297, 0>",2,"[<2066, 0>]",[5000],100,[],[]
"<4376, 0>",0,"[<177, 0>]",[500],50,[],[]
"<4376, 0>",1,"[<215, 0>]",[1000],100,[],[]
"<4376, 0>",2,"[<12677, 0>]",[500],50,[],[]
"<4385, 0>",0,"[<434, 0>]",[500],50,[],[]
"<4385, 0>",1,"[<7870, 0>]",[250],100,[],[]
"<4385, 0>",2,"[<12958, 0>]",[2000],100,[],[]
"<4385, 0>",3,"[<12959, 0>]",[3000],100,[],[]
"<4403, 0>",0,"[<175, 0>]",[1000],50,[],[]
"<4403, 0>",1,"[<108, 0>]",[1000],100,[],[]
"<4403, 0>",2,"[<13067, 0>]",[1000],20,[],[]
"<4411, 0>",0,"[<434, 0>]",[500],50,[],[]
"<4411, 0>",1,"[<479, 0>]",[1000],100,[],[]
"<4411, 0>",2,"[<12955, 0>]",[2000],100,[],[]
"<4423, 0>",0,"[<434, 0>]",[500],50,[],[]
"<4423, 0>",1,"[<105, 0>]",[2000],10,[],[]
"<4423, 0>",2,"[<12543, 0>]",[1000],100,[],[]
"<4423, 0>",3,"[<12954, 0>]",[3000],100,[],[]
"<4445, 0>",0,"[<49, 0>]",[1000],50,[],[]
"<4445, 0>",1,"[<455, 0>]",[500],100,[],[]
"<4445, 0>",2,"[<434, 0>]",[1000],100,[],[]
"<4445, 0>",3,"[<12993, 0>, <3339, 0>]","[-1000, 1000]",50,[],[]
"<4473, 0>",0,"[<56, 0>]",[1000],50,[],[]
"<4473, 0>",1,"[<1129, 0>]",[100],50,[],[]
"<4473, 0>",2,"[<216, 0>, <12993, 0>]","[1000, -1000]",100,[],[]
"<4515, 0>",0,"[<159, 0>, <488, 0>]","[1000, 1000]",50,[],[]
"<4515, 0>",1,"[<5133, 0>]",[1000],100,[],[]
"<4515, 0>",2,"[<5132, 0>]",[1000],100,[],[]
"<4549, 0>",0,"[<24, 0>]",[1000],50,[],[]
"<4549, 0>",1,"[<24, 0>, <215, 0>]","[3000, 1000]",100,[],[]
"<4549, 0>",2,"[<12995, 0>]",[2000],100,[],[]
"<4549, 0>",3,"[<11668, 0>]",[2500],5,[],[]
"<4576, 0>",0,"[<6068, 0>]",[500],50,[],[]
"<4576, 0>",1,"[<554, 0>]",[1000],100,[],[]
"<4576, 0>",2,"[<95, 0>]",[750],100,[],[]
"<4578, 0>",0,"[<434, 0>]",[500],50,[],[]
"<4578, 0>",1,"[<63, 0>]",[3000],100,[],[]
"<4578, 0>",2,"[<13019, 0>]",[3000],20,[],[]
"<4581, 0>",0,"[<215, 0>]",[1000],50,[],[]
"<4581, 0>",1,"[<12664, 0>]",[-200],100,[],[]
"<4581, 0>",2,"[<12665, 0>]",[5000],20,[],[]
"<4589, 0>",0,"[<63, 0>]",[1000],50,[],[]
"<4589, 0>",1,"[<3707, 0>]",[500],100,[],[]
"<4589, 0>",2,"[<6106, 0>]",[5000],20,[],[]
"<4609, 0>",0,"[<63, 0>]",[500],50,[],[]
"<4609, 0>",1,"[<434, 0>]",[500],100,[],[]
"<4609, 0>",2,"[<2133, 0>]",[2000],10,[],[]
"<4610, 0>",0,"[<25, 0>]",[500],50,[],[]
"<4610, 0>",1,"[<14491, 0>, <1874, 0>]","[-1000, 500]",100,[],[]
"<4610, 0>",2,"[<12910, 0>]",[500],100,[],[]
"<4611, 0>",0,"[<1975, 0>]",[500],50,[],[]
"<4611, 0>",1,"[<175, 0>]",[500],100,[],[]
"<4611, 0>",2,"[<12935, 0>]",[1000],10,[],[]
"<4618, 0>",0,"[<1787, 0>]",[500],50,[],[]
"<4618, 0>",1,"[<313, 0>]",[500],100,[],[]
"<4618, 0>",2,"[<13054, 0>]",[-2000],100,[],[]
"<4619, 0>",0,"[<1788, 0>]",[1000],50,[],[]
"<4619, 0>",1,"[<1342, 0>]",[2000],100,[],[]
"<4619, 0>",2,"[<9680, 0>]",[2000],20,[],[]
"<4619, 0>",3,"[<9682, 0>]",[1000],100,[],[]
"<8930, 0>",0,"[<434, 0>]",[500],50,[],[]
"<8930, 0>",1,"[<12261, 0>]",[-500],100,[],[]
"<8930, 0>",2,"[<26, 0>]",[1000],100,[],[]
"<8930, 0>",3,"[<12657, 0>, <12656, 0>]","[-1000, 1000]",50,[],[]
"<4787, 0>",0,"[<49, 0>]",[1000],50,[],[]
"<4787, 0>",1,"[<24, 0>, <10771, 0>]","[-5000, 1000]",10,[],[]
"<4787, 0>",2,"[<13066, 0>]",[-1000],100,[],[]
"<4787, 0>",3,"[<12675, 0>]",[1000],20,[],[]
"<4814, 0>",0,"[<434, 0>]",[500],50,[],[]
"<4814, 0>",1,"[<49, 0>]",[1000],100,[],[]
"<4814, 0>",2,"[<3339, 0>, <12993, 0>]","[1000, -1000]",50,[],[]
"<4814, 0>",3,"[<12662, 0>]",[2000],100,[],[]
"<4842, 0>",0,"[<486, 0>]",[500],50,[],[]
"<4842, 0>",1,"[<434, 0>]",[500],100,[],[]
"<4842, 0>",2,"[<13013, 0>]",[1000],20,[],[]
"<4843, 0>",0,"[<1839, 0>]",[500],50,[],[]
"<4843, 0>",1,"[<3748, 0>]",[200],20,[],[]
"<4843, 0>",2,"[<951, 0>]",[200],5,[],[]
"<4844, 0>",0,"[<434, 0>]",[500],50,[],[]
"<4844, 0>",1,"[<63, 0>]",[1000],100,[],[]
"<4844, 0>",2,"[<5168, 0>]",[3000],100,[],[]
"<4855, 0>",0,"[<1787, 0>]",[500],50,[],[]
"<4855, 0>",1,"[<434, 0>]",[1000],100,[],[]
"<4855, 0>",2,"[<215, 0>]",[500],100,[],[]
"<4867, 0>",0,"[<70, 0>]",[500],50,[],[]
"<4867, 0>",1,"[<12952, 0>]",[1000],100,[],[]
"<4867, 0>",2,"[<12953, 0>]",[2000],50,[],[]
"<4873, 0>",0,"[<215, 0>]",[500],50,[],[]
"<4873, 0>",1,"[<216, 0>]",[2000],100,[],[]
"<4873, 0>",2,"[<141, 0>]",[1000],100,[],[]
"<4896, 0>",0,"[<159, 0>, <488, 0>]","[1000, 1000]",50,[],[]
"<4896, 0>",1,"[<5133, 0>]",[1000],100,[],[]
"<4896, 0>",2,"[<5132, 0>]",[1000],100,[],[]
"<4912, 0>",0,"[<1788, 0>]",[1000],50,[],[]
"<4912, 0>",1,"[<1342, 0>]",[2000],100,[],[]
"<4912, 0>",2,"[<9680, 0>]",[2000],20,[],[]
"<4912, 0>",3,"[<7581, 0>]",[2000],100,[],[]
"<4915, 0>",0,"[<434, 0>]",[500],50,[],[]
"<4915, 0>",1,"[<26, 0>]",[1000],100,[],[]
"<4915, 0>",2,"[<5356, 0>]",[1000],100,[],[]
"<4924, 0>",0,"[<434, 0>]",[500],50,[],[]
"<4924, 0>",1,"[<4589, 0>]",[50],100,[],[]
"<4924, 0>",2,"[<13014, 0>]",[100],50,[],[]
"<5016, 0>",0,"[<5156, 0>]",[500],50,[],[]
"<5016, 0>",1,"[<215, 0>]",[1000],100,[],[]
"<5016, 0>",2,"[<216, 0>, <12993, 0>]","[2000, -2000]",50,[],[]
"<5206, 0>",0,"[<175, 0>]",[2000],50,[],[]
"<5206, 0>",1,"[<24, 0>]",[1000],100,[],[]
"<5206, 0>",2,"[<70, 0>]",[500],100,[],[]
"<5206, 0>",3,"[<12648, 0>]",[1000],20,[],[]
"<5374, 0>",0,"[<6348, 0>]",[500],50,[],[]
"<5374, 0>",1,"[<215, 0>]",[500],100,[],[]
"<5374, 0>",2,"[<6314, 0>]",[500],100,[],[]
"<5376, 0>",0,"[<9328, 0>]",[500],50,[],[]
"<5376, 0>",1,"[<462, 0>]",[0],100,[],[]
"<5376, 0>",2,"[<462, 0>]",[0],100,[],[]
"<5761, 0>",0,"[<42, 0>]",[500],50,[],[]
"<5761, 0>",1,"[<434, 0>]",[500],100,[],[]
"<5761, 0>",2,"[<611, 0>]",[500],100,[],[]
"<5762, 0>",0,"[<6048, 0>]",[500],50,[],[]
"<5762, 0>",1,"[<5356, 0>]",[1000],100,[],[]
"<5762, 0>",2,"[<12898, 0>]",[1000],20,[],[]
"<5764, 0>",0,"[<3364, 0>]",[500],50,[],[]
"<5764, 0>",1,"[<3365, 0>]",[500],20,[],[]
"<5764, 0>",2,"[<6106, 0>]",[1000],100,[],[]
"<5765, 0>",0,"[<1975, 0>]",[500],50,[],[]
"<5765, 0>",1,"[<6082, 0>]",[1000],100,[],[]
"<5765, 0>",2,"[<6103, 0>]",[2000],20,[],[]
"<6229, 0>",0,"[<63, 0>]",[500],50,[],[]
"<6229, 0>",1,"[<215, 0>]",[500],100,[],[]
"<6229, 0>",2,"[<1104, 0>]",[500],20,[],[]
"<6230, 0>",0,"[<1975, 0>]",[500],50,[],[]
"<6230, 0>",1,"[<215, 0>]",[500],100,[],[]
"<6230, 0>",2,"[<213, 0>, <14029, 0>]","[500, -500]",100,[],[]
"<6231, 0>",0,"[<3364, 0>]",[1000],50,[],[]
"<6231, 0>",1,"[<3365, 0>]",[500],100,[],[]
"<6231, 0>",2,"[<9099, 0>]",[250],100,[],[]
"<6232, 0>",0,"[<26, 0>]",[500],50,[],[]
"<6232, 0>",1,"[<7772, 0>]",[1000],100,[],[]
"<6232, 0>",2,"[<12917, 0>]",[500],100,[],[]
"<6234, 0>",0,"[<42, 0>]",[500],50,[],[]
"<6234, 0>",1,"[<434, 0>]",[500],100,[],[]
"<6234, 0>",2,"[<611, 0>]",[500],100,[],[]
"<6235, 0>",0,"[<6082, 0>]",[500],50,[],[]
"<6235, 0>",1,"[<7581, 0>]",[1000],100,[],[]
"<6235, 0>",2,"[<13082, 0>]",[1500],100,[],[]
"<6236, 0>",0,"[<26, 0>]",[500],50,[],[]
"<6236, 0>",1,"[<3633, 0>]",[500],100,[],[]
"<6236, 0>",2,"[<10788, 0>]",[250],100,[],[]
"<6632, 0>",0,"[<2607, 0>]",[500],50,[],[]
"<6632, 0>",1,"[<341, 0>]",[1000],100,[],[]
"<6632, 0>",2,"[<70, 0>, <6237, 0>]","[-1000, 1000]",100,[],[]
"<6633, 0>",0,"[<1905, 0>]",[500],50,[],[]
"<6633, 0>",1,"[<5296, 0>]",[1000],100,[],[]
"<6633, 0>",2,"[<9150, 0>]",[1000],100,[],[]
"<6634, 0>",0,"[<25, 0>]",[500],50,[],[]
"<6634, 0>",1,"[<6245, 0>]",[600],100,[],[]
"<6634, 0>",2,"[<6244, 0>]",[100000],100,[],[]
"<6898, 0>",0,"[<434, 0>]",[500],50,[],[]
"<6898, 0>",1,"[<42, 0>]",[1000],100,[],[]
"<6898, 0>",2,"[<12661, 0>]",[1000],20,[],[]
"<6907, 0>",0,"[<216, 0>]",[500],50,[],[]
"<6907, 0>",1,"[<26, 0>]",[1000],100,[],[]
"<6907, 0>",2,"[<6801, 0>]",[100],100,[],[]
"<6907, 0>",3,"[<9964, 0>]",[2000],20,[],[]
"<6948, 0>",0,"[<42, 0>]",[1000],50,[],[]
"<6948, 0>",1,"[<209, 0>]",[5000],100,[],[]
"<6948, 0>",2,"[<13011, 0>]",[250],50,[],[]
"<6948, 0>",3,"[<13053, 0>]",[2000],10,[],[]
"<7004, 0>",0,"[<216, 0>]",[500],50,[],[]
"<7004, 0>",1,"[<209, 0>]",[5000],100,[],[]
"<7004, 0>",2,"[<434, 0>]",[500],100,[],[]
"<7004, 0>",3,"[<12965, 0>]",[2000],20,[],[]
"<7085, 0>",0,"[<434, 0>]",[2000],50,[],[]
"<7086, 0>",0,"[<434, 0>]",[2000],50,[],[]
"<7087, 0>",0,"[<434, 0>]",[2000],50,[],[]
"<7097, 0>",0,"[<434, 0>]",[500],50,[],[]
"<7097, 0>",1,"[<209, 0>, <611, 0>]","[3000, 1000]",100,[],[]
"<7097, 0>",2,"[<3107, 0>]",[10000],20,[],[]
"<7097, 0>",3,"[<42, 0>]",[1000],100,[],[]
"<7148, 0>",0,"[<8861, 0>]",[-20000],50,[],[]
"<7148, 0>",1,"[<11439, 0>]",[500],100,[],[]
"<7148, 0>",2,"[<12914, 0>]",[1500],20,[],[]
"<7149, 0>",0,"[<498, 0>]",[1000],50,[],[]
"<7149, 0>",1,"[<13216, 0>]",[1000],100,[],[]
"<7149, 0>",2,"[<434, 0>]",[500],100,[],[]
"<7151, 0>",0,"[<434, 0>]",[500],50,[],[]
"<7151, 0>",1,"[<24, 0>]",[500],100,[],[]
"<7151, 0>",2,"[<434, 0>, <12931, 0>]","[1000, 5000]",20,[],[]
"<7153, 0>",0,"[<1361, 0>]",[500],50,[],[]
"<7153, 0>",1,"[<434, 0>]",[500],100,[],[]
"<7153, 0>",2,"[<1231, 0>]",[200],20,[],[]
"<7155, 0>",0,"[<6900, 0>]",[500],50,[],[]
"<7155, 0>",1,"[<13045, 0>]",[3000],100,[],[]
"<7155, 0>",2,"[<215, 0>]",[500],100,[],[]
"<7185, 0>",0,"[<2607, 0>]",[500],50,[],[]
"<7185, 0>",1,"[<12924, 0>, <7089, 0>]","[100, -100000]",10,[],[]
"<7185, 0>",2,"[<215, 0>]",[1000],50,[],[]
"<7418, 0>",0,"[<542, 0>]",[500],50,[],[]
"<7418, 0>",1,"[<1387, 0>]",[500],100,[],[]
"<7418, 0>",2,"[<13100, 0>]",[500],100,[],[]
"<7467, 0>",0,"[<3339, 0>]",[500],50,[],[]
"<7467, 0>",1,"[<3481, 0>]",[2000],100,[],[]
"<7467, 0>",2,"[<13272, 0>]",[500],100,[],[]
"<7467, 0>",3,"[<13270, 0>]",[500],100,[],[]
"<7533, 0>",0,"[<434, 0>]",[500],50,[],[]
"<7533, 0>",1,"[<209, 0>]",[3000],100,[],[]
"<7533, 0>",2,"[<1102, 0>]",[2000],20,[29],[]
"<7534, 0>",0,"[<42, 0>]",[1000],50,[],[]
"<7534, 0>",1,"[<12993, 0>, <3339, 0>]","[-1000, 3000]",100,[],[]
"<7534, 0>",2,"[<313, 0>]",[1000],100,[],[]
"<7537, 0>",0,"[<659, 0>]",[1000],50,[],[]
"<7537, 0>",1,"[<12993, 0>, <3339, 0>]","[-1000, 3000]",100,[],[]
"<7537, 0>",2,"[<6797, 0>]",[500],100,[],[]
"<7540, 0>",0,"[<12457, 0>]",[1000],50,[],[]
"<7540, 0>",1,"[<215, 0>]",[1000],100,[],[]
"<7540, 0>",2,"[<7762, 0>]",[100],100,[],[]
"<7540, 0>",3,"[<12647, 0>]",[1200],10,[],[]
"<7542, 0>",0,"[<26, 0>]",[1000],50,[],[]
"<7542, 0>",1,"[<434, 0>]",[500],100,[],[]
"<7542, 0>",2,"[<3339, 0>]",[1000],100,[],[]
"<7542, 0>",3,"[<14696, 0>, <24, 0>]","[-3000, 5000]",100,[],[]
"<7543, 0>",0,"[<434, 0>]",[500],50,[],[]
"<7543, 0>",1,"[<3561, 0>]",[1000],100,[],[]
"<7543, 0>",2,"[<13004, 0>]",[2000],100,[],[]
"<7550, 0>",0,"[<434, 0>]",[500],50,[],[]
"<7552, 0>",0,"[<70, 0>]",[500],50,[],[]
"<7552, 0>",1,"[<7954, 0>]",[500],20,[],[]
"<7552, 0>",2,"[<11710, 0>]",[1000],100,[],[]
"<7555, 0>",0,"[<24, 0>, <175, 0>]","[1000, 1000]",50,[],[]
"<7557, 0>",0,"[<434, 0>]",[500],50,[],[]
"<7558, 0>",0,"[<434, 0>]",[500],50,[],[]
"<7563, 0>",0,"[<42, 0>]",[1000],50,[],[]
"<7563, 0>",1,"[<434, 0>]",[500],100,[],[]
"<7563, 0>",2,"[<1217, 0>, <7791, 0>, <7789, 0>]","[200, -10000, -10000]",20,[],[]
"<7566, 0>",0,"[<434, 0>]",[500],50,[],[]
"<7566, 0>",1,"[<8002, 0>]",[250],50,[],[]
"<7566, 0>",2,"[<174, 0>]",[200],20,[],[]
"<7566, 0>",3,"[<5425, 0>]",[500],100,[],[]
"<7569, 0>",0,"[<434, 0>]",[500],50,[],[]
"<7570, 0>",0,"[<1787, 0>]",[500],50,[],[]
"<7570, 0>",1,"[<3044, 0>, <3917, 0>]","[500, 500]",100,[],[]
"<7570, 0>",2,"[<12899, 0>]",[500],100,[],[]
"<7605, 0>",0,"[<70, 0>]",[500],50,[],[]
"<7606, 0>",0,"[<619, 0>]",[1000],50,[],[]
"<7607, 0>",0,"[<341, 0>, <434, 0>]","[1000, 500]",50,[],[]
"<7607, 0>",1,"[<70, 0>]",[500],100,[],[]
"<7607, 0>",2,"[<434, 0>, <3439, 0>]","[3000, -2000]",50,[],[]
"<7609, 0>",0,"[<434, 0>]",[500],50,[],[]
"<7609, 0>",1,"[<12670, 0>]",[1000],20,[],[]
"<7609, 0>",2,"[<209, 0>, <611, 0>]","[3000, 1000]",100,[],[]
"<7609, 0>",3,"[<215, 0>]",[4000],100,[],[]
"<7611, 0>",0,"[<341, 0>, <434, 0>]","[1000, 500]",50,[],[]
"<7614, 0>",0,"[<1788, 0>]",[1000],50,[],[]
"<7619, 0>",0,"[<209, 0>]",[1000],50,[],[]
"<7654, 0>",0,"[<24, 0>]",[1000],50,[],[]
"<7655, 0>",0,"[<434, 0>]",[500],50,[],[]
"<7655, 0>",1,"[<70, 0>]",[500],100,[],[]
"<7655, 0>",2,"[<8352, 0>]",[500],50,[],[]
"<7655, 0>",3,"[<13005, 0>]",[2000],50,[],[]
"<7657, 0>",0,"[<434, 0>]",[500],50,[],[]
"<7657, 0>",1,"[<215, 0>]",[1000],100,[],[]
"<7657, 0>",2,"[<56, 0>]",[1000],100,[],[]
"<7657, 0>",3,"[<13000, 0>]",[250],20,[],[]
"<7764, 0>",0,"[<175, 0>]",[1000],50,[],[]
"<7764, 0>",1,"[<8166, 0>]",[50],20,[],[]
"<7764, 0>",2,"[<24, 0>]",[1000],100,[],[]
"<7764, 0>",3,"[<3368, 0>]",[1000],100,[],[]
"<7771, 0>",0,"[<434, 0>]",[500],50,[],[]
"<7771, 0>",1,"[<215, 0>]",[500],100,[],[]
"<7771, 0>",2,"[<1104, 0>]",[1000],100,[],[]
"<7771, 0>",3,"[<4535, 0>, <174, 0>]","[-1000, 100]",20,[],[]
"<7777, 0>",0,"[<434, 0>]",[500],50,[],[]
"<7777, 0>",1,"[<159, 0>]",[3000],100,[],[]
"<7777, 0>",2,"[<8349, 0>]",[1000],50,[],[]
"<7874, 0>",0,"[<63, 0>]",[500],50,[],[]
"<7874, 0>",1,"[<215, 0>]",[1000],100,[],[]
"<7874, 0>",2,"[<13047, 0>]",[1000],50,[],[]
"<7904, 0>",0,"[<199, 0>]",[1000],50,[],[]
"<7904, 0>",1,"[<49, 0>]",[500],100,[],[]
"<7904, 0>",2,"[<3561, 0>]",[500],100,[],[]
"<7929, 0>",0,"[<216, 0>]",[500],50,[],[]
"<7929, 0>",1,"[<434, 0>]",[500],100,[],[]
"<7929, 0>",2,"[<215, 0>]",[1000],100,[],[]
"<7929, 0>",3,"[<175, 0>]",[2000],100,[],[]
"<7940, 0>",0,"[<8451, 0>]",[1000],50,[],[]
"<7940, 0>",1,"[<13036, 0>]",[1500],100,[],[]
"<7940, 0>",2,"[<13035, 0>]",[2000],100,[],[]
"<7940, 0>",3,"[<8429, 0>]",[500],100,[],[]
"<7942, 0>",0,"[<216, 0>]",[500],50,[],[]
"<7942, 0>",1,"[<434, 0>]",[500],100,[],[]
"<7942, 0>",2,"[<8686, 0>]",[1000],100,[],[]
"<7942, 0>",3,"[<3562, 0>]",[1000],100,[],[]
"<7944, 0>",0,"[<498, 0>]",[1000],50,[],[]
"<7944, 0>",1,"[<13216, 0>]",[1000],100,[],[]
"<7944, 0>",2,"[<175, 0>]",[1000],100,[],[]
"<7946, 0>",0,"[<1934, 0>]",[500],50,[],[]
"<7946, 0>",1,"[<84, 0>, <12993, 0>]","[500, -3000]",10,[],[]
"<7946, 0>",2,"[<215, 0>]",[1000],100,[],[]
"<7947, 0>",0,"[<1934, 0>]",[500],50,[],[]
"<7947, 0>",1,"[<12992, 0>, <12993, 0>]","[-100, -3000]",10,[],[]
"<7947, 0>",2,"[<8429, 0>]",[250],100,[],[]
"<7958, 0>",0,"[<8451, 0>]",[1000],50,[],[]
"<7958, 0>",1,"[<434, 0>, <175, 0>]","[500, 1000]",100,[],[]
"<7958, 0>",2,"[<173, 0>]",[50],10,[],[]
"<7958, 0>",3,"[<175, 0>]",[1500],100,[],[]
"<7960, 0>",0,"[<1342, 0>]",[1000],50,[],[]
"<7960, 0>",1,"[<430, 0>]",[1000],100,[],[]
"<7960, 0>",2,"[<1788, 0>]",[500],100,[],[]
"<7984, 0>",0,"[<216, 0>]",[500],50,[],[]
"<7984, 0>",1,"[<5821, 0>]",[250],100,[],[]
"<7984, 0>",2,"[<12946, 0>]",[1000],20,[],[]
"<7986, 0>",0,"[<8599, 0>]",[1000],50,[],[]
"<7986, 0>",1,"[<3339, 0>]",[1000],20,[],[]
"<8130, 0>",0,"[<434, 0>]",[500],50,[],[]
"<8130, 0>",1,"[<12680, 0>]",[500],20,[],[]
"<8130, 0>",2,"[<8821, 0>]",[250],100,[],[]
"<8130, 0>",3,"[<9082, 0>]",[1000],20,[],[]
"<8136, 0>",0,"[<63, 0>]",[1000],50,[],[]
"<8136, 0>",1,"[<434, 0>]",[1000],100,[],[]
"<8136, 0>",2,"[<215, 0>]",[1000],100,[],[]
"<8136, 0>",3,"[<6106, 0>]",[5000],20,[],[]
"<8165, 0>",0,"[<8924, 0>]",[500],50,[],[]
"<8165, 0>",1,"[<215, 0>]",[1000],100,[],[]
"<8165, 0>",2,"[<12949, 0>]",[500],5,[],[]
"<8166, 0>",0,"[<1387, 0>]",[500],50,[],[]
"<8166, 0>",1,"[<462, 0>]",[0],100,[],[]
"<8166, 0>",2,"[<462, 0>]",[0],100,[],[]
"<8167, 0>",0,"[<486, 0>]",[1000],50,[],[]
"<8167, 0>",1,"[<434, 0>]",[1000],100,[],[]
"<8167, 0>",2,"[<215, 0>]",[1000],100,[],[]
"<8167, 0>",3,"[<1102, 0>]",[1000],20,[29],[]
"<8170, 0>",0,"[<9069, 0>]",[500],50,[],[]
"<8170, 0>",1,"[<8876, 0>]",[500],100,[],[]
"<8170, 0>",2,"[<9291, 0>]",[2000],20,[],[]
"<8171, 0>",0,"[<434, 0>]",[2000],50,[],[]
"<8171, 0>",1,"[<13965, 0>]",[100],100,[],[]
"<8171, 0>",2,"[<451, 0>]",[300],5,[],[]
"<8172, 0>",0,"[<434, 0>]",[500],50,[],[]
"<8172, 0>",1,"[<215, 0>]",[500],100,[],[]
"<8172, 0>",2,"[<12649, 0>, <12650, 0>]","[2000, -2000]",20,[],[]
"<8173, 0>",0,"[<434, 0>]",[500],50,[],[]
"<8173, 0>",1,"[<9124, 0>]",[500],100,[],[]
"<8173, 0>",2,"[<1102, 0>]",[1000],20,[29],[]
"<8175, 0>",0,"[<434, 0>]",[2000],50,[],[]
"<8175, 0>",1,"[<9066, 0>]",[100],5,[],[]
"<8175, 0>",2,"[<7581, 0>]",[250],100,[],[]
"<8221, 0>",0,"[<619, 0>]",[500],50,[],[]
"<8221, 0>",1,"[<434, 0>]",[500],100,[],[]
"<8221, 0>",2,"[<13051, 0>]",[2000],50,[],[]
"<8221, 0>",3,"[<13051, 0>]",[-1000],50,[],[]
"<8222, 0>",0,"[<25, 0>]",[500],50,[],[]
"<8222, 0>",1,"[<216, 0>, <11675, 0>]","[1000, -500]",50,[],[]
"<8222, 0>",2,"[<12936, 0>, <12937, 0>]","[2500, -5000]",10,[],[]
"<8225, 0>",0,"[<434, 0>]",[2000],50,[],[]
"<8225, 0>",1,"[<14769, 0>]",[1000],10,[],[]
"<8225, 0>",2,"[<3715, 0>]",[100],100,[],[]
"<8241, 0>",0,"[<3339, 0>]",[500],50,[],[]
"<8241, 0>",1,"[<9926, 0>]",[500],100,[],[]
"<8241, 0>",2,"[<7652, 0>]",[1000],100,[],[]
"<8244, 0>",0,"[<3339, 0>]",[500],50,[],[]
"<8244, 0>",1,"[<11710, 0>]",[1000],100,[],[]
"<8244, 0>",2,"[<13015, 0>]",[100000],20,[],[]
"<8251, 0>",0,"[<215, 0>]",[1000],50,[],[]
"<8251, 0>",1,"[<9904, 0>]",[1000],100,[],[]
"<8251, 0>",2,"[<12956, 0>]",[2000],100,[],[]
"<8251, 0>",3,"[<12957, 0>]",[2000],20,[],[]
"<8253, 0>",0,"[<3339, 0>]",[500],50,[],[]
"<8253, 0>",1,"[<12960, 0>, <12961, 0>]","[1000, 1000]",100,[],[]
"<8253, 0>",2,"[<12962, 0>, <12963, 0>]","[1000, 500]",100,[],[]
"<8255, 0>",0,"[<2607, 0>]",[1000],50,[],[]
"<8255, 0>",1,"[<3339, 0>]",[500],100,[],[]
"<8255, 0>",2,"[<12950, 0>]",[250],20,[],[]
"<8256, 0>",0,"[<434, 0>]",[500],50,[],[]
"<8256, 0>",1,"[<8429, 0>]",[500],100,[],[]
"<8256, 0>",2,"[<3633, 0>]",[1000],100,[],[]
"<8256, 0>",3,"[<9365, 0>, <11881, 0>]","[-50, 100]",10,[],[]
"<8258, 0>",0,"[<434, 0>]",[500],50,[],[]
"<8258, 0>",1,"[<5723, 0>]",[200],100,[],[]
"<8258, 0>",2,"[<12966, 0>]",[1000],50,[],[]
"<8263, 0>",0,"[<1361, 0>]",[500],50,[],[]
"<8263, 0>",1,"[<12900, 0>]",[2000],100,[],[]
"<8263, 0>",2,"[<13044, 0>]",[1000],100,[],[]
"<8264, 0>",0,"[<1361, 0>]",[500],50,[],[]
"<8264, 0>",1,"[<434, 0>]",[500],100,[],[]
"<8264, 0>",2,"[<462, 0>]",[0],100,[],[]
"<8265, 0>",0,"[<1361, 0>]",[500],50,[],[]
"<8265, 0>",1,"[<434, 0>]",[500],100,[],[]
"<8265, 0>",2,"[<3339, 0>]",[500],100,[],[]
"<8268, 0>",0,"[<12457, 0>]",[1000],50,[],[]
"<8268, 0>",1,"[<434, 0>]",[1000],100,[],[]
"<8268, 0>",2,"[<9393, 0>]",[2000],100,[],[]
"<8286, 0>",0,"[<3339, 0>]",[500],50,[],[]
"<8286, 0>",1,"[<1075, 0>]",[500],100,[],[]
"<8286, 0>",2,"[<13063, 0>]",[1000],100,[],[]
"<8287, 0>",0,"[<8451, 0>]",[500],50,[],[]
"<8287, 0>",1,"[<8429, 0>]",[500],100,[],[]
"<8287, 0>",2,"[<12912, 0>]",[250],20,[],[]
"<8289, 0>",0,"[<434, 0>]",[2000],50,[],[]
"<8289, 0>",1,"[<5233, 0>]",[500],50,[],[]
"<8289, 0>",2,"[<1035, 0>]",[-100],100,[],[]
"<8317, 0>",0,"[<619, 0>]",[500],50,[],[]
"<8317, 0>",1,"[<434, 0>]",[500],100,[],[]
"<8317, 0>",2,"[<9664, 0>, <9662, 0>]","[-500, 1000]",20,[],[]
"<8352, 0>",0,"[<2607, 0>]",[500],50,[],[]
"<8352, 0>",1,"[<12929, 0>]",[500],100,[],[]
"<8352, 0>",2,"[<12930, 0>]",[1000],5,[],[]
"<8394, 0>",0,"[<159, 0>, <488, 0>]","[1000, 1000]",50,[],[]
"<8394, 0>",1,"[<5133, 0>]",[1000],100,[],[]
"<8394, 0>",2,"[<5132, 0>]",[1000],100,[],[]
"<8392, 0>",0,"[<554, 0>]",[1500],50,[],[]
"<8392, 0>",1,"[<11863, 0>]",[1000],100,[],[]
"<8392, 0>",2,"[<11533, 0>]",[750],100,[],[]
"<8397, 0>",0,"[<10148, 0>]",[500],50,[],[]
"<8397, 0>",1,"[<10147, 0>]",[100],100,[],[]
"<8397, 0>",2,"[<13043, 0>]",[1000],20,[],[]
"<8398, 0>",0,"[<434, 0>]",[500],50,[],[]
"<8398, 0>",1,"[<12678, 0>]",[250],100,[],[]
"<8398, 0>",2,"[<10397, 0>]",[500],10,[],[]
"<8400, 0>",0,"[<9987, 0>]",[50000],50,[],[]
"<8400, 0>",1,"[<12545, 0>]",[50],10,[],[]
"<8400, 0>",2,"[<617, 0>]",[500],100,[],[]
"<8402, 0>",0,"[<462, 0>]",[0],50,[],[]
"<8402, 0>",1,"[<7652, 0>]",[-200],100,[],[]
"<8402, 0>",2,"[<462, 0>]",[0],100,[],[]
"<8401, 0>",0,"[<488, 0>]",[500],50,[],[]
"<8401, 0>",1,"[<462, 0>]",[0],100,[],[]
"<8401, 0>",2,"[<12901, 0>, <12902, 0>]","[1500, 750]",100,[],[]
"<8405, 0>",0,"[<554, 0>]",[1000],50,[],[]
"<8405, 0>",1,"[<10148, 0>]",[1000],20,[],[]
"<8405, 0>",2,"[<4126, 0>]",[5000],100,[],[]
"<8406, 0>",0,"[<3721, 0>]",[250],50,[],[]
"<8406, 0>",1,"[<10038, 0>]",[250],100,[],[]
"<8406, 0>",2,"[<2083, 0>]",[400],20,[],[]
"<8408, 0>",0,"[<434, 0>]",[1000],50,[],[]
"<8408, 0>",1,"[<209, 0>, <611, 0>]","[5000, 1000]",100,[],[]
"<8408, 0>",2,"[<1934, 0>]",[1000],100,[],[]
"<8408, 0>",3,"[<12681, 0>]",[2000],100,[],[]
"<8410, 0>",0,"[<175, 0>]",[1000],50,[],[]
"<8410, 0>",1,"[<173, 0>]",[100],100,[],[]
"<8410, 0>",2,"[<554, 0>]",[1000],100,[],[]
"<8409, 0>",0,"[<659, 0>, <12458, 0>]","[500, 500]",50,[],[]
"<8409, 0>",1,"[<434, 0>]",[500],100,[],[]
"<8409, 0>",2,"[<1934, 0>]",[1000],100,[],[]
"<8409, 0>",3,"[<56, 0>]",[1000],100,[],[]
"<8411, 0>",0,"[<617, 0>]",[2000],50,[],[]
"<8411, 0>",1,"[<2672, 0>]",[1000],100,[],[]
"<8411, 0>",2,"[<6314, 0>]",[500],10,[],[]
"<8428, 0>",0,"[<1839, 0>]",[500],50,[],[]
"<8428, 0>",1,"[<95, 0>]",[250],50,[],[]
"<8428, 0>",2,"[<108, 0>]",[500],100,[],[]
"<8429, 0>",0,"[<10348, 0>]",[-1000],50,[],[]
"<8429, 0>",1,"[<10140, 0>]",[30000],100,[],[]
"<8429, 0>",2,"[<12913, 0>]",[1500],100,[],[]
"<8431, 0>",0,"[<10214, 0>]",[500],50,[],[]
"<8431, 0>",1,"[<434, 0>]",[1000],100,[],[]
"<8431, 0>",2,"[<215, 0>]",[1000],100,[],[]
"<8431, 0>",3,"[<1104, 0>]",[1000],100,[],[]
"<8432, 0>",0,"[<3365, 0>]",[1000],50,[],[]
"<8432, 0>",1,"[<10443, 0>]",[1000],100,[],[]
"<8432, 0>",2,"[<172, 0>]",[50],10,[],[]
"<8436, 0>",0,"[<1839, 0>, <313, 0>]","[500, 500]",50,[],[]
"<8436, 0>",1,"[<311, 0>]",[-2000],100,[],[]
"<8436, 0>",2,"[<7785, 0>, <10379, 0>]","[100, 100]",20,[],[]
"<8435, 0>",0,"[<1789, 0>]",[500],50,[],[]
"<8435, 0>",1,"[<10378, 0>, <3045, 0>]","[500, 500]",100,[],[]
"<8435, 0>",2,"[<12991, 0>]",[200],20,[],[]
"<8445, 0>",0,"[<175, 0>]",[1000],50,[],[]
"<8445, 0>",1,"[<172, 0>]",[100],5,[],[]
"<8445, 0>",2,"[<6249, 0>]",[100],20,[],[]
"<8445, 0>",3,"[<70, 0>]",[500],100,[],[]
"<8446, 0>",0,"[<498, 0>]",[500],50,[],[]
"<8446, 0>",1,"[<175, 0>]",[1000],100,[],[]
"<8446, 0>",2,"[<175, 0>, <24, 0>]","[-2000, 1000]",100,[],[]
"<8448, 0>",0,"[<498, 0>]",[500],50,[],[]
"<8448, 0>",1,"[<6249, 0>]",[100],10,[],[]
"<8448, 0>",2,"[<13233, 0>]",[5000],20,[],[]
"<8449, 0>",0,"[<70, 0>]",[500],50,[],[]
"<8449, 0>",1,"[<434, 0>]",[1000],100,[],[]
"<8449, 0>",2,"[<13059, 0>]",[500],20,[],[]
"<8454, 0>",0,"[<42, 0>]",[1000],50,[],[]
"<8454, 0>",1,"[<209, 0>]",[5000],100,[],[]
"<8454, 0>",2,"[<174, 0>]",[50],10,[],[]
"<8456, 0>",0,"[<42, 0>]",[500],50,[],[]
"<8457, 0>",0,"[<1361, 0>]",[500],50,[],[]
"<8458, 0>",0,"[<26, 0>]",[500],50,[],[]
"<8459, 0>",0,"[<209, 0>]",[500],50,[],[]
"<8460, 0>",0,"[<6053, 0>]",[500],50,[],[]
"<8461, 0>",0,"[<42, 0>]",[500],50,[],[]
"<8462, 0>",0,"[<845, 0>]",[2000],50,[],[]
"<8463, 0>",0,"[<490, 0>]",[500],50,[],[]
"<8464, 0>",0,"[<434, 0>]",[500],50,[],[]
"<8465, 0>",0,"[<490, 0>]",[500],50,[],[]
"<8466, 0>",0,"[<49, 0>]",[500],50,[],[]
"<8467, 0>",0,"[<498, 0>]",[500],50,[],[]
"<8468, 0>",0,"[<9324, 0>]",[1000],50,[],[]
"<8469, 0>",0,"[<556, 0>]",[1000],50,[],[]
"<8470, 0>",0,"[<11863, 0>]",[500],50,[],[]
"<8471, 0>",0,"[<49, 0>]",[500],50,[],[]
"<8472, 0>",0,"[<1975, 0>]",[500],50,[],[]
"<8473, 0>",0,"[<498, 0>]",[500],50,[],[]
"<8474, 0>",0,"[<498, 0>]",[500],50,[],[]
"<8475, 0>",0,"[<1975, 0>]",[500],50,[],[]
"<8476, 0>",0,"[<63, 0>]",[500],50,[],[]
"<8477, 0>",0,"[<26, 0>]",[500],50,[],[]
"<8478, 0>",0,"[<63, 0>]",[500],50,[],[]
"<8479, 0>",0,"[<56, 0>]",[500],50,[],[]
"<8480, 0>",0,"[<1387, 0>]",[500],50,[],[]
"<8481, 0>",0,"[<6348, 0>]",[500],50,[],[]
"<8482, 0>",0,"[<9328, 0>]",[500],50,[],[]
"<8483, 0>",0,"[<25, 0>]",[500],50,[],[]
"<8485, 0>",0,"[<1387, 0>]",[500],50,[],[]
"<8486, 0>",0,"[<486, 0>]",[500],50,[],[]
"<8487, 0>",0,"[<619, 0>]",[500],50,[],[]
"<8488, 0>",0,"[<56, 0>]",[500],50,[],[]
"<8489, 0>",0,"[<488, 0>]",[500],50,[],[]
"<8490, 0>",0,"[<434, 0>]",[500],50,[],[]
"<8491, 0>",0,"[<25, 0>]",[500],50,[],[]
"<8492, 0>",0,"[<6082, 0>]",[500],50,[],[]
"<8493, 0>",0,"[<25, 0>]",[500],50,[],[]
"<8695, 0>",0,"[<215, 0>]",[1000],50,[],[]
"<8695, 0>",1,"[<1074, 0>]",[250],100,[],[]
"<8695, 0>",2,"[<4535, 0>]",[500],20,[],[]
"<8697, 0>",0,"[<216, 0>]",[500],50,[],[]
"<8697, 0>",1,"[<3562, 0>]",[1000],100,[],[]
"<8697, 0>",2,"[<12666, 0>]",[500],100,[],[]
"<8697, 0>",3,"[<12652, 0>, <10899, 0>]","[1000, -3000]",100,[],[]
"<8698, 0>",0,"[<216, 0>]",[500],50,[],[]
"<8698, 0>",1,"[<462, 0>]",[0],100,[],[]
"<8698, 0>",2,"[<462, 0>]",[0],100,[],[]
"<8698, 0>",3,"[<462, 0>]",[0],100,[],[]
"<8699, 0>",0,"[<175, 0>]",[1000],50,[],[]
"<8699, 0>",1,"[<12673, 0>]",[2500],5,[],[]
"<8699, 0>",2,"[<1301, 0>]",[100],50,[],[]
"<8700, 0>",0,"[<434, 0>]",[500],50,[],[]
"<8700, 0>",1,"[<10201, 0>]",[500],20,[],[]
"<8700, 0>",2,"[<12864, 0>]",[500],10,[],[]
"<8700, 0>",3,"[<216, 0>]",[500],100,[],[]
"<8704, 0>",0,"[<462, 0>]",[0],50,[],[]
"<8704, 0>",1,"[<462, 0>]",[0],100,[],[]
"<8704, 0>",2,"[<462, 0>]",[0],20,[],[]
"<8703, 0>",0,"[<25, 0>]",[1000],50,[],[]
"<8703, 0>",1,"[<1874, 0>]",[1000],100,[],[]
"<8703, 0>",2,"[<10902, 0>, <3339, 0>]","[2000, -2000]",20,[],[]
"<8705, 0>",0,"[<213, 0>]",[-500],50,[],[]
"<8705, 0>",1,"[<12546, 0>, <11678, 0>]","[2000, -2000]",20,[],[]
"<8705, 0>",2,"[<213, 0>]",[1000],50,[],[]
"<8845, 0>",0,"[<3339, 0>]",[250],50,[],[]
"<8845, 0>",1,"[<11676, 0>, <3339, 0>]","[50, -500]",20,[],[]
"<8845, 0>",2,"[<13046, 0>]",[50],10,[],[]
"<8918, 0>",0,"[<8446, 0>]",[500],50,[],[]
"<8918, 0>",1,"[<462, 0>]",[0],100,[],[]
"<8918, 0>",2,"[<462, 0>]",[0],100,[],[]
"<8918, 0>",3,"[<462, 0>]",[0],100,[],[]
"<8917, 0>",0,"[<462, 0>]",[0],50,[],[]
"<8917, 0>",1,"[<434, 0>]",[500],100,[],[]
"<8917, 0>",2,"[<175, 0>]",[1000],100,[],[]
"<8917, 0>",3,"[<11863, 0>]",[1000],100,[],[]
"<8920, 0>",0,"[<3339, 0>]",[500],50,[],[]
"<8920, 0>",1,"[<3481, 0>]",[2000],100,[],[]
"<8920, 0>",2,"[<13271, 0>]",[2000],20,[],[]
"<8920, 0>",3,"[<13270, 0>]",[500],100,[],[]
"<8921, 0>",0,"[<3339, 0>]",[500],50,[],[]
"<8921, 0>",1,"[<3481, 0>]",[2000],100,[],[]
"<8921, 0>",2,"[<117, 0>]",[1000],100,[],[]
"<8923, 0>",0,"[<434, 0>]",[500],50,[],[]
"<8923, 0>",1,"[<1101, 0>]",[1000],100,[28],[]
"<8923, 0>",2,"[<659, 0>]",[1000],100,[],[]
"<8924, 0>",0,"[<8587, 0>]",[500],50,[],[]
"<8924, 0>",1,"[<434, 0>]",[500],100,[],[]
"<8924, 0>",2,"[<215, 0>, <216, 0>]","[2000, -2000]",100,[],[]
"<8925, 0>",0,"[<434, 0>]",[500],50,[],[]
"<8925, 0>",1,"[<13055, 0>]",[500],20,[],[]
"<8925, 0>",2,"[<13056, 0>]",[1000],100,[],[]
"<8925, 0>",3,"[<13057, 0>, <13058, 0>]","[3000, -3000]",100,[],[]
"<8926, 0>",0,"[<3339, 0>]",[500],50,[],[]
"<8926, 0>",1,"[<3481, 0>]",[2000],100,[],[]
"<8926, 0>",2,"[<13068, 0>]",[2000],50,[],[]
"<8932, 0>",0,"[<434, 0>]",[500],50,[],[]
"<8932, 0>",1,"[<70, 0>, <24, 0>]","[-1000, 3000]",100,[],[]
"<8932, 0>",2,"[<12907, 0>]",[500],50,[],[]
"<8938, 0>",0,"[<8446, 0>]",[250],50,[],[]
"<8938, 0>",1,"[<11948, 0>, <11949, 0>]","[1000, -1000]",50,[],[]
"<8938, 0>",2,"[<12981, 0>]",[1000],100,[],[]
"<8947, 0>",0,"[<3481, 0>]",[500],50,[],[]
"<8947, 0>",1,"[<3339, 0>, <4535, 0>]","[-1000, 500]",100,[],[]
"<8947, 0>",2,"[<12938, 0>]",[500],5,[],[]
"<9080, 0>",0,"[<434, 0>]",[500],50,[],[]
"<9080, 0>",1,"[<175, 0>]",[2000],100,[],[]
"<9080, 0>",2,"[<1500, 0>]",[250],20,[41],[]
"<9084, 0>",0,"[<434, 0>]",[500],50,[],[]
"<9084, 0>",1,"[<215, 0>, <3339, 0>]","[-2000, 2000]",50,[],[]
"<9084, 0>",2,"[<1102, 0>]",[3000],20,[29],[]
"<9084, 0>",3,"[<13031, 0>]",[500],100,[],[]
"<9088, 0>",0,"[<12457, 0>]",[1000],50,[],[]
"<9088, 0>",1,"[<434, 0>]",[1000],100,[],[]
"<9088, 0>",2,"[<12386, 0>]",[500],50,[],[]
"<9088, 0>",3,"[<13075, 0>]",[600],20,[],[]
"<9089, 0>",0,"[<8451, 0>]",[1000],50,[],[]
"<9089, 0>",1,"[<12912, 0>]",[500],20,[],[]
"<9089, 0>",2,"[<434, 0>, <175, 0>]","[500, 1000]",100,[],[]
"<9089, 0>",3,"[<8429, 0>, <24, 0>]","[-2000, 2000]",50,[],[]
"<9091, 0>",0,"[<434, 0>]",[500],50,[],[]
"<9091, 0>",1,"[<10199, 0>, <215, 0>]","[500, -1000]",100,[],[]
"<9091, 0>",2,"[<216, 0>]",[2000],100,[],[]
"<9091, 0>",3,"[<13034, 0>]",[-500],10,[],[]
"<9086, 0>",0,"[<659, 0>]",[500],50,[],[]
"<9086, 0>",1,"[<1489, 0>]",[1000],20,[41],[]
"<9086, 0>",2,"[<13051, 0>]",[-1000],100,[],[]
"<9086, 0>",3,"[<216, 0>]",[500],100,[],[]
"<2013, 0>",0,"[<486, 0>]",[500],50,[],[]
"<2013, 0>",1,"[<6314, 0>]",[500],100,[],[]
"<9114, 0>",0,"[<498, 0>]",[500],50,[],[]
"<9114, 0>",1,"[<13051, 0>]",[-1000],100,[],[]
"<9114, 0>",2,"[<13051, 0>]",[1000],100,[],[]
"<9090, 0>",0,"[<434, 0>]",[500],50,[],[]
"<9090, 0>",1,"[<12403, 0>]",[-50],20,[],[]
"<9090, 0>",2,"[<659, 0>]",[1000],100,[],[]
"<9090, 0>",3,"[<12401, 0>, <25, 0>]","[-500, 1000]",50,[],[]
"<9100, 0>",0,"[<462, 0>]",[0],50,[],[]
"<9100, 0>",1,"[<8911, 0>]",[-2000],100,[],[]
"<9100, 0>",2,"[<462, 0>]",[0],20,[],[]
"<9102, 0>",0,"[<434, 0>]",[500],50,[],[]
"<9102, 0>",1,"[<462, 0>]",[0],100,[],[]
"<9102, 0>",2,"[<9916, 0>, <13209, 0>]","[50, -1250]",20,[],[]
"<9113, 0>",0,"[<434, 0>]",[500],50,[],[]
"<9113, 0>",1,"[<216, 0>]",[500],100,[],[]
"<9113, 0>",2,"[<7581, 0>, <6314, 0>]","[2000, 1000]",100,[],[]
"<9113, 0>",3,"[<13099, 0>]",[500],10,[],[]
"<9283, 0>",0,"[<486, 0>]",[500],100,[],[]
"<9283, 0>",1,"[<1874, 0>]",[250],50,[],[]
"<9283, 0>",2,"[<12685, 0>]",[500],20,[],[]
"<9281, 0>",0,"[<13274, 0>]",[500],50,[],[]
"<9281, 0>",1,"[<216, 0>]",[500],100,[],[]
"<9281, 0>",2,"[<434, 0>]",[500],100,[],[]
"<9395, 0>",0,"[<215, 0>]",[1000],100,[],[]
"<9395, 0>",1,"[<216, 0>]",[500],50,[],[]
"<9395, 0>",2,"[<13891, 0>]",[100],50,[],[]
"<9420, 0>",0,"[<434, 0>]",[500],100,[],[]
"<9420, 0>",1,"[<554, 0>]",[3000],50,[],[]
"<9420, 0>",2,"[<14205, 0>]",[100],50,[],[]
"<9401, 0>",0,"[<215, 0>]",[1000],100,[],[]
"<9401, 0>",1,"[<14029, 0>]",[-500],50,[],[]
"<9401, 0>",2,"[<14203, 0>]",[1000],50,[],[]
"<9454, 0>",0,"[<13962, 0>]",[-250],100,[],[]
"<9454, 0>",1,"[<13962, 0>, <13894, 0>]","[3000, 250]",50,[],[]
"<9454, 0>",2,"[<14047, 0>]",[-500],50,[],[]
"<9406, 0>",0,"[<583, 0>]",[1000],100,[],[]
"<9406, 0>",1,"[<1334, 0>]",[500],50,[],[]
"<9406, 0>",2,"[<2616, 0>]",[1500],50,[],[]
"<9455, 0>",0,"[<13963, 0>]",[250],100,[],[]
"<9455, 0>",1,"[<554, 0>]",[1000],50,[],[]
"<9455, 0>",2,"[<14186, 0>]",[1000],50,[],[]
"<9470, 0>",0,"[<24, 0>]",[500],100,[],[]
"<9470, 0>",1,"[<14029, 0>]",[500],50,[],[]
"<9470, 0>",2,"[<14106, 0>]",[100000],50,[],[]
"<9530, 0>",0,"[<434, 0>]",[1000],100,[],[]
"<9530, 0>",1,"[<3481, 0>]",[2000],50,[],[]
"<9530, 0>",2,"[<13270, 0>]",[500],50,[],[]
"<9531, 0>",0,"[<462, 0>]",[0],100,[],[]
"<9531, 0>",1,"[<462, 0>]",[0],50,[],[]
"<9531, 0>",2,"[<462, 0>]",[0],50,[],[]
"<9538, 0>",0,"[<434, 0>]",[500],100,[],[]
"<9538, 0>",1,"[<12458, 0>]",[1000],50,[],[]
"<9538, 0>",2,"[<213, 0>]",[500],50,[],[]
"<9537, 0>",0,"[<175, 0>]",[1000],100,[],[]
"<9537, 0>",1,"[<14267, 0>]",[100],50,[],[]
"<9537, 0>",2,"[<434, 0>]",[500],50,[],[]
"<9533, 0>",0,"[<24, 0>]",[1000],100,[],[]
"<9533, 0>",1,"[<617, 0>]",[1000],50,[],[]
"<9533, 0>",2,"[<12137, 0>]",[1000],50,[],[]
"<9528, 0>",0,"[<434, 0>]",[500],100,[],[]
"<9528, 0>",1,"[<24, 0>, <215, 0>]","[2000, 1000]",50,[],[]
"<9528, 0>",2,"[<1505, 0>]",[250],50,[],[]
"<9542, 0>",0,"[<70, 0>]",[500],100,[],[]
"<9542, 0>",1,"[<175, 0>]",[1000],50,[],[]
"<9542, 0>",2,"[<14280, 0>]",[100],50,[],[]
"<9539, 0>",0,"[<554, 0>]",[1500],100,[],[]
"<9539, 0>",1,"[<434, 0>]",[500],50,[],[]
"<9539, 0>",2,"[<14610, 0>]",[2000],50,[],[]
"<9559, 0>",0,"[<434, 0>]",[500],100,[],[]
"<9559, 0>",1,"[<2661, 0>]",[1000],50,[],[]
"<9559, 0>",2,"[<554, 0>]",[1500],50,[],[]
"<9590, 0>",0,"[<49, 0>]",[1000],100,[],[]
"<9590, 0>",1,"[<175, 0>]",[1000],50,[],[]
"<9590, 0>",2,"[<14631, 0>]",[-1500],50,[],[]
"<9547, 0>",0,"[<1231, 0>]",[100],100,[],[]
"<9547, 0>",1,"[<2616, 0>]",[1500],50,[],[]
"<9547, 0>",2,"[<14327, 0>]",[500],50,[],[]
"<9527, 0>",0,"[<1934, 0>]",[500],50,[],[]
"<9527, 0>",1,"[<1075, 0>, <12993, 0>]","[500, -3000]",10,[],[]
"<9527, 0>",2,"[<215, 0>]",[1000],100,[],[]
"<9529, 0>",0,"[<434, 0>]",[500],50,[],[]
"<9529, 0>",1,"[<14687, 0>]",[2000],50,[],[]
"<9529, 0>",2,"[<215, 0>]",[500],50,[],[]
"<9540, 0>",0,"[<434, 0>]",[500],50,[],[]
"<9540, 0>",1,"[<14490, 0>]",[500],50,[],[]
"<9540, 0>",2,"[<434, 0>]",[-500],50,[],[]
"<9541, 0>",0,"[<434, 0>]",[500],50,[],[]
"<9541, 0>",1,"[<70, 0>]",[500],100,[],[]
"<9541, 0>",2,"[<12648, 0>]",[1000],20,[],[]
"<9548, 0>",0,"[<341, 0>]",[1000],50,[],[]
"<9548, 0>",1,"[<108, 0>]",[1000],50,[],[]
"<9548, 0>",2,"[<14688, 0>, <14336, 0>]","[50, 1000]",10,[],[]
"<9543, 0>",0,"[<1788, 0>]",[500],100,[],[]
"<9543, 0>",1,"[<434, 0>]",[500],50,[],[]
"<9543, 0>",2,"[<166, 0>]",[500],50,[],[]
"<9532, 0>",0,"[<1788, 0>]",[500],100,[],[]
"<9532, 0>",1,"[<9682, 0>]",[1000],100,[],[]
"<9532, 0>",2,"[<9680, 0>]",[2000],20,[],[]
"<9544, 0>",0,"[<617, 0>]",[1000],50,[],[]
"<9544, 0>",1,"[<12654, 0>]",[500],50,[],[]
"<9544, 0>",2,"[<3339, 0>]",[1000],100,[],[]
"<9536, 0>",0,"[<3339, 0>]",[500],50,[],[]
"<9536, 0>",1,"[<215, 0>]",[500],50,[],[]
"<9536, 0>",2,"[<14316, 0>]",[25000],20,[],[]
"<9623, 0>",0,"[<434, 0>]",[500],100,[],[]
"<9623, 0>",1,"[<554, 0>]",[1500],50,[],[]
"<9623, 0>",2,"[<9784, 0>]",[1000],50,[],[]
"<9624, 0>",0,"[<3339, 0>]",[500],100,[],[]
"<9624, 0>",1,"[<14735, 0>, <14769, 0>]","[250, -500]",50,[],[]
"<9624, 0>",2,"[<6346, 0>]",[500],50,[],[]
"<9626, 0>",0,"[<15021, 0>]",[500],100,[],[]
"<9626, 0>",1,"[<15022, 0>]",[-2000],50,[],[]
"<9626, 0>",2,"[<15022, 0>]",[500],50,[],[]
"<9628, 0>",0,"[<15390, 0>]",[500],100,[],[]
"<9628, 0>",1,"[<15394, 0>]",[1000],50,[],[]
"<9628, 0>",2,"[<15393, 0>]",[1000],50,[],[]
"<9630, 0>",0,"[<215, 0>]",[1000],100,[],[]
"<9630, 0>",1,"[<213, 0>]",[250],50,[],[]
"<9630, 0>",2,"[<15411, 0>]",[500],50,[],[]
"<9631, 0>",0,"[<215, 0>]",[1000],100,[],[]
"<9631, 0>",1,"[<213, 0>]",[250],50,[],[]
"<9631, 0>",2,"[<15412, 0>]",[500],50,[],[]
"<9634, 0>",0,"[<215, 0>]",[1000],100,[],[]
"<9634, 0>",1,"[<213, 0>]",[250],50,[],[]
"<9634, 0>",2,"[<462, 0>]",[0],50,[],[]
"<9635, 0>",0,"[<462, 0>]",[0],100,[],[]
"<9635, 0>",1,"[<462, 0>]",[0],50,[],[]
"<9635, 0>",2,"[<9328, 0>]",[1000],50,[],[]
"<9633, 0>",0,"[<215, 0>]",[1000],100,[],[]
"<9633, 0>",1,"[<4535, 0>]",[500],50,[],[]
"<9633, 0>",2,"[<15413, 0>]",[500],50,[],[]
"<9636, 0>",0,"[<215, 0>]",[1000],100,[],[]
"<9636, 0>",1,"[<4535, 0>]",[500],50,[],[]
"<9636, 0>",2,"[<15415, 0>]",[500],50,[],[]
"<9632, 0>",0,"[<215, 0>]",[1000],100,[],[]
"<9632, 0>",1,"[<4535, 0>]",[500],50,[],[]
"<9632, 0>",2,"[<15414, 0>]",[1000],50,[],[]